Latitude ( ° ),Longitude ( ° ),Optimal Tilt   ( ° ),Optimal  Azimuth ( ° ),Horizontal Radiation(KW-hr/m^2/Year),Fixed Tilt Radiation    (KW-hr/m^2/Year),Fixed Energy          (KW-hr/m^2/Year),Monthly Tilt Radiation         (KW-hr/m^2/Year),Monthly Energy (KW-hr/m^2/Year),Fixed vs Monthly Energy % Difference,Horizontal Vs Tilt % diff
,,,,,,,,,,
24.25,67.75,25.00,0.00,1989.25,2121.44,336.78,2236.99,355.10,5.16,6.23
24.25,68.25,25.00,0.00,1912.60,2028.10,321.20,2136.07,338.29,5.05,5.70
24.25,68.75,25.00,0.00,1912.60,2028.10,320.65,2136.07,337.71,5.05,5.70
24.25,69.75,25.00,0.00,1905.30,2018.80,318.97,2126.88,336.04,5.08,5.62
24.25,70.75,25.00,0.00,1898.00,2004.29,316.41,2111.24,333.29,5.06,5.30
24.75,67.75,26.00,0.00,1989.25,2129.17,337.96,2244.92,356.31,5.15,6.57
24.75,68.25,25.00,0.00,1912.60,2035.16,322.08,2143.23,339.18,5.04,6.02
24.75,68.75,25.00,0.00,1912.60,2035.16,321.47,2143.23,338.54,5.04,6.02
24.75,69.25,25.00,0.00,1905.30,2025.74,319.75,2133.95,336.83,5.07,5.95
24.75,69.75,25.00,0.00,1905.30,2025.74,319.78,2133.95,336.86,5.07,5.95
24.75,70.25,26.00,0.00,1898.00,2011.14,317.41,2118.05,334.29,5.05,5.63
24.75,70.75,26.00,0.00,1898.00,2011.14,317.46,2118.05,334.33,5.05,5.63
25.25,61.75,23.00,0.00,1898.00,1999.81,317.32,2104.55,333.93,4.97,5.09
25.25,62.25,24.00,0.00,1894.35,2006.72,318.78,2112.56,335.57,5.00,5.60
25.25,63.25,24.00,0.00,1890.70,1998.14,317.61,2102.34,334.15,4.95,5.38
25.25,66.75,25.00,0.00,1974.65,2103.06,334.90,2218.26,353.23,5.19,6.11
25.25,67.25,24.00,0.00,1883.40,1990.01,316.56,2093.00,332.94,4.92,5.36
25.25,67.75,24.00,0.00,1883.40,1990.01,315.77,2093.00,332.13,4.92,5.36
25.25,68.25,24.00,0.00,1923.55,2018.03,318.72,2120.83,334.99,4.86,4.68
25.25,68.75,24.00,0.00,1923.55,2018.03,317.82,2120.83,334.05,4.86,4.68
25.25,69.25,26.00,0.00,1945.45,2077.14,327.54,2190.38,345.37,5.16,6.34
25.25,69.75,26.00,0.00,1945.45,2077.14,327.61,2190.38,345.45,5.16,6.34
25.25,70.25,26.00,0.00,1883.40,2007.44,316.91,2113.57,333.65,5.02,6.18
25.25,70.75,26.00,0.00,1883.40,2007.44,317.18,2113.57,333.94,5.02,6.18
25.75,62.25,25.00,0.00,1894.35,2013.51,319.00,2119.58,335.77,5.00,5.92
25.75,62.75,25.00,0.00,1894.35,2013.51,319.19,2119.58,335.97,5.00,5.92
25.75,63.25,25.00,0.00,1890.70,2004.86,318.22,2109.25,334.76,4.94,5.69
25.75,63.75,25.00,0.00,1890.70,2004.86,319.18,2109.25,335.77,4.94,5.69
25.75,64.25,25.00,0.00,1945.45,2068.61,329.20,2180.42,346.97,5.12,5.95
25.75,64.75,25.00,0.00,1945.45,2068.61,328.91,2180.42,346.68,5.12,5.95
25.75,65.25,25.00,0.00,1927.20,2045.61,325.07,2154.77,342.40,5.06,5.79
25.75,65.75,25.00,0.00,1927.20,2045.61,325.14,2154.77,342.47,5.06,5.79
25.75,66.25,26.00,0.00,1974.65,2110.84,335.75,2226.08,354.05,5.17,6.45
25.75,66.75,26.00,0.00,1974.65,2110.84,336.19,2226.08,354.52,5.17,6.45
25.75,67.25,25.00,0.00,1883.40,1996.72,317.85,2099.73,334.24,4.90,5.68
25.75,67.75,25.00,0.00,1883.40,1996.72,316.87,2099.73,333.22,4.91,5.68
25.75,68.25,24.00,0.00,1923.55,2024.57,319.33,2127.27,335.55,4.83,4.99
25.75,68.75,24.00,0.00,1923.55,2024.57,318.51,2127.27,334.69,4.83,4.99
25.75,69.25,27.00,0.00,1945.45,2084.90,328.54,2198.16,346.38,5.15,6.69
25.75,69.75,27.00,0.00,1945.45,2084.90,328.67,2198.16,346.51,5.15,6.69
25.75,70.25,27.00,0.00,1883.40,2014.73,318.03,2120.95,334.79,5.00,6.52
26.25,62.25,27.00,0.00,2051.30,2207.48,351.35,2336.17,371.77,5.49,7.07
26.25,62.75,27.00,0.00,2051.30,2207.48,351.70,2336.17,372.15,5.49,7.07
26.25,63.25,27.00,0.00,2044.00,2200.69,351.43,2327.79,371.67,5.45,7.12
26.25,63.75,27.00,0.00,2044.00,2200.69,352.52,2327.79,372.83,5.45,7.12
26.25,64.25,27.00,0.00,2029.40,2182.73,349.75,2307.97,369.77,5.41,7.02
26.25,64.75,27.00,0.00,2029.40,2182.73,348.93,2307.97,368.90,5.41,7.02
26.25,65.25,28.00,0.00,2025.75,2184.80,348.44,2310.57,368.44,5.43,7.28
26.25,65.75,28.00,0.00,2025.75,2184.80,347.94,2310.57,367.91,5.43,7.28
26.25,66.25,27.00,0.00,1992.90,2141.80,341.24,2263.08,360.52,5.35,6.95
26.25,66.75,27.00,0.00,1992.90,2141.80,341.40,2263.08,360.69,5.35,6.95
26.25,67.25,26.00,0.00,1927.20,2057.66,326.79,2168.41,344.36,5.10,6.34
26.25,67.75,26.00,0.00,1927.20,2057.66,325.30,2168.41,342.79,5.10,6.34
26.25,68.25,27.00,0.00,1912.60,2053.07,323.59,2164.09,341.08,5.13,6.84
26.25,68.75,27.00,0.00,1912.60,2053.07,323.35,2164.09,340.82,5.13,6.84
26.25,69.25,26.00,0.00,1872.45,2003.18,315.40,2109.32,332.10,5.03,6.53
26.25,69.75,26.00,0.00,1872.45,2003.18,315.60,2109.32,332.32,5.03,6.53
26.75,63.25,28.00,0.00,2044.00,2209.75,355.62,2336.78,375.99,5.42,7.50
26.75,63.75,28.00,0.00,2044.00,2209.75,356.04,2336.78,376.42,5.42,7.50
26.75,64.25,28.00,0.00,2029.40,2191.68,354.06,2316.85,374.19,5.38,7.40
26.75,64.75,28.00,0.00,2029.40,2191.68,353.66,2316.85,373.78,5.38,7.40
26.75,65.25,28.00,0.00,2025.75,2193.91,353.09,2319.61,373.24,5.40,7.66
26.75,65.75,28.00,0.00,2025.75,2193.91,352.15,2319.61,372.25,5.40,7.66
26.75,66.25,28.00,0.00,1992.90,2150.46,345.10,2271.70,364.49,5.32,7.33
26.75,66.75,28.00,0.00,1992.90,2150.46,344.13,2271.70,363.47,5.32,7.33
26.75,67.25,27.00,0.00,1927.20,2065.41,327.28,2176.14,344.79,5.08,6.69
26.75,67.75,27.00,0.00,1927.20,2065.41,325.08,2176.14,342.48,5.08,6.69
26.75,68.25,27.00,0.00,1912.60,2060.94,324.26,2172.13,341.71,5.11,7.20
26.75,68.75,27.00,0.00,1912.60,2060.94,324.53,2172.13,342.01,5.11,7.20
26.75,69.25,27.00,0.00,1872.45,2010.63,316.60,2116.88,333.31,5.01,6.87
27.25,63.25,28.00,0.00,2014.80,2173.62,350.17,2296.33,369.87,5.32,7.31
27.25,63.75,28.00,0.00,2014.80,2173.62,349.96,2296.33,369.64,5.33,7.31
27.25,64.25,28.00,0.00,2025.75,2182.58,352.18,2306.08,372.04,5.34,7.19
27.25,64.75,28.00,0.00,2025.75,2182.58,353.05,2306.08,372.96,5.34,7.19
27.25,65.25,29.00,0.00,2040.35,2208.97,358.07,2336.53,378.67,5.44,7.63
27.25,65.75,29.00,0.00,2040.35,2208.97,358.00,2336.53,378.59,5.44,7.63
27.25,66.25,29.00,0.00,1996.55,2165.21,350.40,2288.52,370.28,5.37,7.79
27.25,66.75,29.00,0.00,1996.55,2165.21,348.66,2288.52,368.44,5.37,7.79
27.25,67.25,28.00,0.00,1923.55,2074.11,329.34,2186.77,347.17,5.14,7.26
27.25,67.75,28.00,0.00,1923.55,2074.11,326.25,2186.77,343.92,5.14,7.26
27.25,68.25,28.00,0.00,1952.75,2111.15,331.76,2227.76,350.03,5.22,7.50
27.25,68.75,28.00,0.00,1952.75,2111.15,332.15,2227.76,350.44,5.22,7.50
27.25,69.25,28.00,0.00,1887.05,2033.18,320.06,2142.60,337.26,5.10,7.19
27.75,63.25,29.00,0.00,2014.80,2182.91,349.99,2305.30,369.54,5.29,7.70
27.75,63.75,29.00,0.00,2014.80,2182.91,349.69,2305.30,369.22,5.29,7.70
27.75,64.25,29.00,0.00,2025.75,2191.83,351.33,2314.98,371.01,5.30,7.58
27.75,64.75,29.00,0.00,2025.75,2191.83,352.63,2314.98,372.38,5.30,7.58
27.75,65.25,29.00,0.00,2040.35,2218.66,359.26,2345.92,379.78,5.40,8.04
27.75,65.75,29.00,0.00,2040.35,2218.66,361.19,2345.92,381.82,5.40,8.04
27.75,66.25,29.00,0.00,1996.55,2174.61,354.59,2297.73,374.57,5.34,8.19
27.75,66.75,29.00,0.00,1996.55,2174.61,352.35,2297.73,372.21,5.34,8.19
27.75,67.25,29.00,0.00,1923.55,2082.67,331.94,2195.19,349.81,5.11,7.64
27.75,67.75,29.00,0.00,1923.55,2082.67,328.07,2195.19,345.73,5.11,7.64
27.75,68.25,29.00,0.00,1952.75,2120.05,333.14,2236.52,351.38,5.19,7.89
27.75,68.75,29.00,0.00,1952.75,2120.05,333.30,2236.52,351.56,5.19,7.89
27.75,69.25,28.00,0.00,1887.05,2041.35,321.21,2150.85,338.40,5.08,7.56
27.75,69.75,28.00,0.00,1887.05,2041.35,321.49,2150.85,338.69,5.08,7.56
27.75,70.75,28.00,0.00,1872.45,2014.69,317.59,2120.31,334.21,4.97,7.06
28.25,63.25,29.00,0.00,1989.25,2152.83,343.76,2270.91,362.57,5.19,7.60
28.25,63.75,28.00,0.00,1989.25,2152.83,344.14,2270.91,362.96,5.19,7.60
28.25,64.25,29.00,0.00,1978.30,2147.43,344.28,2266.42,363.29,5.23,7.88
28.25,64.75,29.00,0.00,1978.30,2147.43,345.02,2266.42,364.07,5.23,7.88
28.25,65.25,29.00,0.00,2022.10,2188.53,352.78,2310.76,372.41,5.27,7.60
28.25,65.75,29.00,0.00,2022.10,2188.53,355.29,2310.76,375.06,5.27,7.60
28.25,66.25,30.00,0.00,1996.55,2178.45,357.61,2301.83,377.78,5.34,8.35
28.25,66.75,30.00,0.00,1996.55,2178.45,354.79,2301.83,374.80,5.34,8.35
28.25,67.25,29.00,0.00,1883.40,2047.78,327.47,2159.47,345.26,5.15,8.03
28.25,67.75,29.00,0.00,1883.40,2047.78,323.04,2159.47,340.59,5.15,8.03
28.25,68.25,29.00,0.00,1883.40,2037.44,320.05,2147.96,337.37,5.14,7.56
28.25,68.75,29.00,0.00,1883.40,2037.44,320.01,2147.96,337.34,5.14,7.56
28.25,69.25,28.00,0.00,1912.60,2060.59,323.83,2172.93,341.47,5.17,7.18
28.25,69.75,28.00,0.00,1912.60,2060.59,324.04,2172.93,341.69,5.17,7.18
28.25,70.25,28.00,0.00,1894.35,2041.58,321.23,2150.66,338.37,5.07,7.21
28.25,70.75,28.00,0.00,1894.35,2041.58,321.44,2150.66,338.59,5.07,7.21
28.25,71.25,28.00,0.00,1828.65,1970.72,310.53,2072.91,326.60,4.92,7.21
28.25,71.75,28.00,0.00,1828.65,1970.72,310.61,2072.91,326.69,4.92,7.21
28.75,61.75,30.00,0.00,1967.35,2142.61,346.86,2260.54,365.89,5.20,8.18
28.75,62.25,29.00,0.00,1989.25,2166.06,348.75,2285.29,367.88,5.20,8.16
28.75,62.75,29.00,0.00,1989.25,2166.06,347.89,2285.29,366.97,5.20,8.16
28.75,63.25,29.00,0.00,1989.25,2162.12,346.84,2280.01,365.67,5.15,8.00
28.75,63.75,29.00,0.00,1989.25,2162.12,347.10,2280.01,365.95,5.15,8.00
28.75,64.25,30.00,0.00,1978.30,2156.89,347.03,2275.67,366.07,5.20,8.28
28.75,64.75,30.00,0.00,1978.30,2156.89,347.62,2275.67,366.69,5.20,8.28
28.75,65.25,30.00,0.00,2022.10,2198.29,354.75,2320.02,374.33,5.23,8.01
28.75,65.75,30.00,0.00,2022.10,2198.29,356.77,2320.02,376.45,5.23,8.01
28.75,66.25,31.00,0.00,1996.55,2188.46,360.84,2311.47,381.03,5.30,8.77
28.75,66.75,30.00,0.00,1996.55,2188.46,359.23,2311.47,379.34,5.30,8.77
28.75,67.25,30.00,0.00,1883.40,2056.69,330.56,2168.30,348.43,5.13,8.43
28.75,67.75,30.00,0.00,1883.40,2056.69,325.23,2168.30,342.80,5.13,8.43
28.75,68.25,29.00,0.00,1883.40,2045.99,322.34,2156.39,339.68,5.10,7.95
28.75,68.75,29.00,0.00,1883.40,2045.99,323.18,2156.39,340.57,5.11,7.95
28.75,69.25,29.00,0.00,1912.60,2069.23,327.44,2181.28,345.14,5.13,7.57
28.75,69.75,29.00,0.00,1912.60,2069.23,326.82,2181.28,344.48,5.13,7.57
28.75,70.25,29.00,0.00,1894.35,2050.08,323.06,2158.86,340.18,5.03,7.60
28.75,70.75,29.00,0.00,1894.35,2050.08,322.85,2158.86,339.95,5.03,7.60
28.75,71.25,29.00,0.00,1828.65,1978.71,311.90,2080.79,327.96,4.90,7.58
28.75,71.75,29.00,0.00,1828.65,1978.71,312.00,2080.79,328.06,4.90,7.58
28.75,72.25,29.00,0.00,1825.00,1972.84,311.16,2074.00,327.10,4.87,7.49
29.25,61.75,29.00,0.00,1934.50,2102.68,339.00,2215.52,357.14,5.08,8.00
29.25,62.25,29.00,0.00,1952.75,2119.18,341.40,2232.34,359.59,5.06,7.85
29.25,62.75,29.00,0.00,1952.75,2119.18,342.10,2232.34,360.32,5.06,7.85
29.25,63.25,30.00,0.00,2014.80,2192.45,354.39,2311.87,373.63,5.15,8.10
29.25,63.75,30.00,0.00,2014.80,2192.45,354.92,2311.87,374.19,5.15,8.10
29.25,64.25,30.00,0.00,1996.55,2186.80,353.90,2307.82,373.41,5.22,8.70
29.25,64.75,30.00,0.00,1996.55,2186.80,353.28,2307.82,372.76,5.22,8.70
29.25,65.25,30.00,0.00,2003.85,2172.23,350.40,2288.83,369.15,5.08,7.75
29.25,65.75,30.00,0.00,2003.85,2172.23,352.13,2288.83,370.97,5.08,7.75
29.25,66.25,30.00,0.00,2014.80,2198.48,361.02,2320.06,380.91,5.22,8.35
29.25,66.75,30.00,0.00,2014.80,2198.48,362.07,2320.06,382.02,5.22,8.35
29.25,67.25,30.00,0.00,1908.95,2080.15,335.95,2192.46,354.02,5.10,8.23
29.25,67.75,30.00,0.00,1908.95,2080.15,330.22,2192.46,347.99,5.10,8.23
29.25,68.25,30.00,0.00,1952.75,2118.72,335.22,2232.28,353.15,5.08,7.83
29.25,68.75,30.00,0.00,1952.75,2118.72,337.99,2232.28,356.07,5.08,7.83
29.25,69.25,30.00,0.00,1898.00,2064.09,330.08,2173.93,347.60,5.04,8.05
29.25,69.75,30.00,0.00,1898.00,2064.09,328.34,2173.93,345.77,5.04,8.05
29.25,70.25,30.00,0.00,1832.30,1994.81,315.53,2100.53,332.21,5.02,8.15
29.25,70.75,30.00,0.00,1832.30,1994.81,314.44,2100.53,331.06,5.02,8.15
29.25,71.25,30.00,0.00,1872.45,2041.23,322.06,2149.27,339.06,5.01,8.27
29.25,71.75,30.00,0.00,1872.45,2041.23,322.16,2149.27,339.16,5.01,8.27
29.25,72.25,29.00,0.00,1795.80,1953.19,308.43,2053.36,324.21,4.87,8.06
29.25,72.75,29.00,0.00,1795.80,1953.19,308.59,2053.36,324.37,4.87,8.06
29.75,66.25,31.00,0.00,2014.80,2208.91,361.11,2329.85,380.79,5.17,8.79
29.75,66.75,31.00,0.00,2014.80,2208.91,364.02,2329.85,383.86,5.17,8.79
29.75,67.25,31.00,0.00,1908.95,2089.67,340.41,2201.54,358.56,5.06,8.65
29.75,67.75,31.00,0.00,1908.95,2089.67,336.19,2201.54,354.12,5.06,8.65
29.75,68.25,31.00,0.00,1952.75,2128.34,341.18,2241.31,359.24,5.03,8.25
29.75,68.75,31.00,0.00,1952.75,2128.34,343.26,2241.31,361.43,5.03,8.25
29.75,69.25,31.00,0.00,1898.00,2073.43,335.05,2182.80,352.68,5.00,8.46
29.75,69.75,31.00,0.00,1898.00,2073.43,333.13,2182.80,350.65,5.00,8.46
29.75,70.25,30.00,0.00,1832.30,2003.58,319.00,2109.07,335.74,4.99,8.55
29.75,70.75,31.00,0.00,1832.30,2003.58,316.30,2109.07,332.91,4.99,8.55
29.75,71.25,31.00,0.00,1872.45,2050.39,323.76,2158.17,340.72,4.98,8.68
29.75,71.75,31.00,0.00,1872.45,2050.39,323.85,2158.17,340.82,4.98,8.68
29.75,72.25,30.00,0.00,1795.80,1961.59,309.99,2061.70,325.76,4.84,8.45
29.75,72.75,30.00,0.00,1795.80,1961.59,310.10,2061.70,325.88,4.84,8.45
29.75,73.25,30.00,0.00,1784.85,1949.90,308.41,2047.68,323.83,4.76,8.46
30.25,66.75,32.00,0.00,2033.05,2239.99,369.29,2360.16,389.00,5.07,9.24
30.25,67.25,32.00,0.00,1971.00,2183.94,360.43,2303.60,380.06,5.17,9.75
30.25,67.75,32.00,0.00,1971.00,2183.94,359.06,2303.60,378.62,5.17,9.75
30.25,68.25,32.00,0.00,1927.20,2138.18,350.31,2255.82,369.47,5.19,9.87
30.25,68.75,32.00,0.00,1927.20,2138.18,348.90,2255.82,367.98,5.19,9.87
30.25,69.25,32.00,0.00,1876.10,2083.12,339.99,2198.29,358.69,5.21,9.94
30.25,69.75,32.00,0.00,1876.10,2083.12,338.05,2198.29,356.64,5.21,9.94
30.25,70.25,31.00,0.00,1799.45,1988.17,319.01,2093.56,335.84,5.01,9.49
30.25,70.75,31.00,0.00,1799.45,1988.17,315.25,2093.56,331.88,5.01,9.49
30.25,71.25,30.00,0.00,1795.80,1969.99,311.36,2071.38,327.32,4.88,8.84
30.25,71.75,30.00,0.00,1795.80,1969.99,311.43,2071.38,327.40,4.88,8.84
30.25,72.25,30.00,0.00,1828.65,2008.77,317.63,2112.04,333.90,4.87,8.97
30.25,72.75,30.00,0.00,1828.65,2008.77,317.73,2112.04,334.00,4.87,8.97
30.25,73.25,31.00,0.00,1828.65,2003.88,316.97,2107.10,333.25,4.88,8.74
30.25,73.75,31.00,0.00,1828.65,2003.88,317.30,2107.10,333.59,4.88,8.74
30.75,66.75,33.00,0.00,2033.05,2251.46,371.86,2370.69,391.45,5.00,9.70
30.75,67.25,33.00,0.00,1971.00,2195.13,365.60,2314.19,385.31,5.12,10.21
30.75,67.75,33.00,0.00,1971.00,2195.13,365.92,2314.19,385.66,5.12,10.21
30.75,68.25,33.00,0.00,1927.20,2149.11,356.60,2266.27,375.92,5.14,10.33
30.75,68.75,33.00,0.00,1927.20,2149.11,353.85,2266.27,373.02,5.14,10.33
30.75,69.25,33.00,0.00,1876.10,2093.54,343.93,2208.49,362.71,5.18,10.39
30.75,69.75,33.00,0.00,1876.10,2093.54,341.46,2208.49,360.11,5.18,10.39
30.75,70.25,32.00,0.00,1799.45,1997.63,321.75,2103.00,338.64,4.99,9.92
30.75,70.75,32.00,0.00,1799.45,1997.63,317.54,2103.00,334.21,4.99,9.92
30.75,71.25,31.00,0.00,1795.80,1978.99,313.25,2080.32,329.22,4.85,9.26
30.75,71.75,31.00,0.00,1795.80,1978.99,313.30,2080.32,329.27,4.85,9.26
30.75,72.25,31.00,0.00,1828.65,2018.06,319.49,2121.22,335.75,4.84,9.39
30.75,72.75,31.00,0.00,1828.65,2018.06,319.56,2121.22,335.83,4.84,9.39
30.75,73.25,31.00,0.00,1828.65,2013.16,318.83,2116.14,335.08,4.85,9.17
30.75,73.75,31.00,0.00,1828.65,2013.16,319.14,2116.14,335.41,4.85,9.17
30.75,74.25,33.00,0.00,1854.20,2057.78,326.83,2162.85,343.43,4.83,9.89
31.25,67.75,33.00,0.00,1989.25,2223.04,371.48,2342.95,391.39,5.09,10.52
31.25,68.25,33.00,0.00,1941.80,2175.69,362.59,2292.26,381.91,5.06,10.75
31.25,68.75,33.00,0.00,1941.80,2175.69,360.56,2292.26,379.77,5.06,10.75
31.25,69.25,33.00,0.00,1887.05,2115.36,348.88,2229.21,367.55,5.08,10.79
31.25,69.75,33.00,0.00,1887.05,2115.36,346.07,2229.21,364.59,5.08,10.79
31.25,70.25,32.00,0.00,1773.90,1969.06,317.66,2070.37,333.93,4.87,9.91
31.25,70.75,32.00,0.00,1773.90,1969.06,312.98,2070.37,329.01,4.87,9.91
31.25,71.25,32.00,0.00,1799.45,1995.96,316.52,2097.65,332.57,4.82,9.85
31.25,71.75,32.00,0.00,1799.45,1995.96,316.56,2097.65,332.61,4.83,9.85
31.25,72.25,32.00,0.00,1832.30,2019.20,319.77,2120.67,335.79,4.77,9.26
31.25,72.75,32.00,0.00,1832.30,2019.20,319.83,2120.67,335.85,4.77,9.26
31.25,73.25,32.00,0.00,1835.95,2029.59,321.75,2133.35,338.15,4.85,9.54
31.25,73.75,32.00,0.00,1835.95,2029.59,322.07,2133.35,338.48,4.85,9.54
31.25,74.25,31.00,0.00,1941.80,2149.68,341.42,2266.55,359.89,5.13,9.67
31.75,68.25,34.00,0.00,1941.80,2187.50,366.13,2303.49,385.41,5.00,11.23
31.75,69.25,34.00,0.00,1887.05,2126.67,350.93,2240.10,369.53,5.03,11.27
31.75,69.75,34.00,0.00,1887.05,2126.67,347.24,2240.10,365.64,5.03,11.27
31.75,70.25,33.00,0.00,1773.90,1978.84,318.75,2079.95,334.95,4.83,10.36
31.75,70.75,33.00,0.00,1773.90,1978.84,314.77,2079.95,330.76,4.83,10.36
31.75,71.25,33.00,0.00,1799.45,2005.85,318.64,2107.33,334.67,4.79,10.29
31.75,71.75,33.00,0.00,1799.45,2005.85,318.57,2107.33,334.61,4.79,10.29
31.75,72.25,32.00,0.00,1832.30,2029.03,321.74,2130.07,337.70,4.73,9.70
31.75,72.75,32.00,0.00,1832.30,2029.03,321.84,2130.07,337.80,4.72,9.70
31.75,73.25,32.00,0.00,1835.95,2039.53,323.89,2143.02,340.25,4.81,9.98
31.75,73.75,32.00,0.00,1835.95,2039.53,324.27,2143.02,340.65,4.81,9.98
31.75,74.25,32.00,0.00,1941.80,2160.55,343.77,2277.11,362.23,5.10,10.12
32.25,69.75,33.00,0.00,1945.45,2187.74,357.70,2306.59,377.04,5.13,11.08
32.25,70.25,33.00,0.00,1814.05,2033.50,328.14,2138.87,345.05,4.90,10.79
32.25,70.75,33.00,0.00,1814.05,2033.50,324.51,2138.87,341.23,4.90,10.79
32.25,71.25,33.00,0.00,1850.55,2064.81,328.40,2169.50,344.96,4.80,10.38
32.25,71.75,33.00,0.00,1850.55,2064.81,328.76,2169.50,345.35,4.80,10.38
32.25,72.25,32.00,0.00,1861.50,2073.38,330.11,2181.53,347.26,4.94,10.22
32.25,72.75,32.00,0.00,1861.50,2073.38,330.07,2181.53,347.22,4.94,10.22
32.25,73.25,32.00,0.00,1901.65,2123.43,337.97,2235.81,355.77,5.00,10.44
32.25,73.75,32.00,0.00,1901.65,2123.43,338.02,2235.81,355.82,5.00,10.44
32.25,74.25,32.00,0.00,1945.45,2172.90,346.06,2291.17,364.79,5.14,10.47
32.25,74.75,32.00,0.00,1945.45,2172.90,346.65,2291.17,365.42,5.14,10.47
32.25,75.25,33.00,0.00,1930.85,2170.14,347.97,2288.71,366.87,5.15,11.03
32.75,69.75,34.00,0.00,1945.45,2199.95,363.27,2318.17,382.68,5.07,11.57
32.75,70.25,34.00,0.00,1814.05,2044.36,332.45,2149.40,349.43,4.86,11.27
32.75,70.75,34.00,0.00,1814.05,2044.36,328.24,2149.40,345.00,4.86,11.27
32.75,71.25,34.00,0.00,1850.55,2075.77,331.75,2179.95,348.31,4.75,10.85
32.75,71.75,34.00,0.00,1850.55,2075.77,331.99,2179.95,348.56,4.75,10.85
32.75,72.25,33.00,0.00,1861.50,2084.21,333.49,2191.96,350.64,4.89,10.69
32.75,72.75,33.00,0.00,1861.50,2084.21,333.57,2191.96,350.73,4.89,10.69
32.75,73.25,33.00,0.00,1901.65,2134.71,341.40,2246.65,359.20,4.96,10.92
32.75,73.75,33.00,0.00,1901.65,2134.71,340.66,2246.65,358.42,4.96,10.92
32.75,74.25,33.00,0.00,1945.45,2184.62,349.71,2302.44,368.47,5.09,10.95
33.25,70.25,34.00,0.00,1879.75,2118.25,347.13,2234.27,366.06,5.17,11.26
33.25,70.75,34.00,0.00,1879.75,2118.25,343.10,2234.27,361.80,5.17,11.26
33.25,71.25,33.00,0.00,1832.30,2062.80,331.90,2172.83,349.52,5.04,11.17
33.25,71.75,33.00,0.00,1832.30,2062.80,330.66,2172.83,348.22,5.04,11.17
33.25,72.25,33.00,0.00,1894.35,2126.48,340.65,2240.79,358.87,5.08,10.92
33.25,72.75,33.00,0.00,1894.35,2126.48,341.09,2240.79,359.33,5.08,10.92
33.25,73.25,33.00,0.00,1912.60,2151.88,345.65,2267.84,364.18,5.09,11.12
33.25,73.75,33.00,0.00,1912.60,2151.88,346.28,2267.84,364.84,5.09,11.12
33.75,70.25,34.00,0.00,1879.75,2130.20,353.15,2245.76,372.22,5.12,11.76
33.75,70.75,34.00,0.00,1879.75,2130.20,349.27,2245.76,368.13,5.12,11.76
33.75,71.25,34.00,0.00,1832.30,2074.17,336.24,2183.86,353.92,5.00,11.66
33.75,71.75,34.00,0.00,1832.30,2074.17,333.54,2183.86,351.07,5.00,11.66
33.75,72.25,34.00,0.00,1894.35,2138.35,342.81,2252.10,360.95,5.03,11.41
33.75,72.75,34.00,0.00,1894.35,2138.35,344.03,2252.10,362.24,5.03,11.41
33.75,73.25,34.00,0.00,1912.60,2164.01,351.10,2279.38,369.72,5.04,11.62
33.75,73.75,34.00,0.00,1912.60,2164.01,355.06,2279.38,373.90,5.04,11.62
34.25,71.25,34.00,0.00,1905.30,2156.68,350.29,2272.51,369.02,5.08,11.66
34.25,71.75,34.00,0.00,1905.30,2156.68,347.65,2272.51,366.23,5.07,11.66
34.25,72.25,34.00,0.00,1934.50,2188.52,352.48,2305.61,371.26,5.06,11.61
34.25,72.75,34.00,0.00,1934.50,2188.52,355.05,2305.61,373.96,5.06,11.61
34.25,73.25,34.00,0.00,1854.20,2089.77,343.63,2198.95,361.53,4.95,11.27
34.25,73.75,34.00,0.00,1854.20,2089.77,349.29,2198.95,367.49,4.95,11.27
34.75,71.25,35.00,0.00,1905.30,2169.41,357.50,2284.46,376.38,5.02,12.17
34.75,71.75,35.00,0.00,1905.30,2169.41,355.76,2284.46,374.54,5.02,12.17
34.75,72.25,35.00,0.00,1934.50,2201.45,362.30,2317.74,381.37,5.00,12.13
34.75,72.75,35.00,0.00,1934.50,2201.45,365.46,2317.74,384.70,5.00,12.13
34.75,73.25,34.00,0.00,1854.20,2101.64,353.55,2210.23,371.76,4.90,11.77
34.75,73.75,34.00,0.00,1854.20,2101.64,361.19,2210.23,379.80,4.90,11.77
34.75,74.25,34.00,0.00,1689.95,1894.07,326.70,1988.29,342.92,4.73,10.78
34.75,74.75,34.00,0.00,1689.95,1894.07,329.76,1988.29,346.14,4.73,10.78
34.75,75.25,35.00,0.00,1715.50,1927.71,338.43,2022.85,355.09,4.69,11.01
34.75,75.75,35.00,0.00,1715.50,1927.71,339.88,2022.85,356.62,4.69,11.01
34.75,76.25,36.00,0.00,1722.80,1946.59,342.04,2042.52,358.84,4.68,11.50
35.25,71.75,33.00,0.00,1686.30,1869.69,315.16,1957.14,329.90,4.47,9.81
35.25,72.25,34.00,0.00,1737.40,1944.50,330.60,2038.77,346.61,4.62,10.65
35.25,72.75,34.00,0.00,1737.40,1944.50,332.39,2038.77,348.49,4.62,10.65
35.25,73.25,33.00,0.00,1642.50,1824.62,312.31,1909.10,326.78,4.43,9.98
35.25,73.75,34.00,0.00,1642.50,1824.62,315.46,1909.10,330.08,4.43,9.98
35.25,74.25,34.00,0.00,1664.40,1860.29,322.27,1947.87,337.43,4.49,10.53
35.25,74.75,34.00,0.00,1664.40,1860.29,324.50,1947.87,339.76,4.49,10.53
35.25,75.25,35.00,0.00,1638.85,1829.72,320.93,1913.33,335.59,4.37,10.43
35.25,75.75,35.00,0.00,1638.85,1829.72,322.01,1913.33,336.73,4.37,10.43
35.25,76.25,36.00,0.00,1657.10,1862.82,329.92,1947.82,344.95,4.36,11.04
35.25,76.75,36.00,0.00,1657.10,1862.82,335.48,1947.82,350.76,4.36,11.04
35.75,71.75,34.00,0.00,1686.30,1879.43,325.99,1966.27,341.08,4.42,10.28
35.75,72.25,35.00,0.00,1737.40,1955.31,341.74,2048.88,358.09,4.57,11.14
35.75,72.75,35.00,0.00,1737.40,1955.31,342.54,2048.88,358.93,4.57,11.14
35.75,73.25,34.00,0.00,1642.50,1834.12,319.07,1918.12,333.68,4.38,10.45
35.75,73.75,34.00,0.00,1642.50,1834.12,316.57,1918.12,331.07,4.38,10.45
35.75,74.25,35.00,0.00,1664.40,1870.31,322.69,1957.34,337.69,4.44,11.01
35.75,74.75,35.00,0.00,1664.40,1870.31,326.03,1957.34,341.19,4.44,11.01
35.75,75.25,35.00,0.00,1638.85,1839.47,324.66,1922.52,339.31,4.32,10.91
35.75,75.75,35.00,0.00,1638.85,1839.47,328.38,1922.52,343.19,4.32,10.91
35.75,76.25,36.00,0.00,1657.10,1873.21,338.77,1957.50,353.99,4.30,11.54
36.25,71.75,36.00,0.00,1766.60,2004.55,353.83,2096.92,370.14,4.41,11.87
36.25,72.25,35.00,0.00,1715.50,1928.41,340.52,2014.88,355.81,4.30,11.04
36.25,72.75,36.00,0.00,1715.50,1928.41,340.46,2014.88,355.75,4.30,11.04
36.25,73.25,36.00,0.00,1679.00,1891.87,333.31,1977.29,348.36,4.32,11.25
36.25,73.75,36.00,0.00,1679.00,1891.87,330.61,1977.29,345.53,4.32,11.25
36.25,74.25,36.00,0.00,1624.25,1827.28,320.21,1907.60,334.28,4.21,11.11
36.25,74.75,36.00,0.00,1624.25,1827.28,323.09,1907.60,337.28,4.21,11.11
36.25,75.25,37.00,0.00,1602.35,1810.57,324.25,1889.45,338.35,4.17,11.50
36.25,75.75,37.00,0.00,1602.35,1810.57,327.48,1889.45,341.72,4.17,11.50
36.75,72.25,36.00,0.00,1715.50,1939.56,344.30,2025.10,359.50,4.23,11.55
36.75,72.75,36.00,0.00,1715.50,1939.56,344.09,2025.10,359.28,4.23,11.55
36.75,73.25,37.00,0.00,1679.00,1902.87,337.82,1987.36,352.82,4.25,11.77
36.75,73.75,37.00,0.00,1679.00,1902.87,336.92,1987.36,351.88,4.25,11.77
36.75,74.25,37.00,0.00,1624.25,1837.63,326.90,1917.18,341.05,4.15,11.61
36.75,74.75,37.00,0.00,1624.25,1837.63,328.09,1917.18,342.29,4.15,11.61
36.75,75.25,38.00,0.00,1602.35,1821.02,326.36,1899.04,340.32,4.10,12.01
23.75,63.75,24.00,0.00,2248.40,2396.84,381.76,2544.27,405.19,5.78,6.19
24.25,67.75,25.00,0.00,1989.25,2121.44,336.78,2236.99,355.10,5.16,6.23
24.25,68.25,25.00,0.00,1912.60,2028.10,321.20,2136.07,338.29,5.05,5.70
24.25,68.75,25.00,0.00,1912.60,2028.10,320.65,2136.07,337.71,5.05,5.70
24.25,70.25,25.00,0.00,1898.00,2004.29,316.45,2111.24,333.33,5.07,5.30
29.25,61.25,29.00,0.00,1934.50,2102.68,342.18,2215.52,360.49,5.08,8.00
29.75,61.25,30.00,0.00,1934.50,2112.07,340.81,2224.56,358.90,5.04,8.41
32.75,75.25,33.00,0.00,1930.85,2182.09,355.83,2300.25,375.00,5.11,11.51
34.75,76.75,36.00,0.00,1722.80,1946.59,345.91,2042.52,362.90,4.68,11.50
35.25,76.75,36.00,0.00,1657.10,1862.82,335.48,1947.82,350.76,4.36,11.04
35.75,76.25,36.00,0.00,1657.10,1873.21,338.77,1957.50,353.99,4.30,11.54
35.75,77.25,39.00,0.00,1576.80,1787.75,326.20,1862.77,339.86,4.02,11.80
36.25,71.25,36.00,0.00,1766.60,2004.55,353.43,2096.92,369.72,4.41,11.87
36.25,75.75,37.00,0.00,1602.35,1810.57,327.48,1889.45,341.72,4.17,11.50
36.75,73.25,37.00,0.00,1679.00,1902.87,337.82,1987.36,352.82,4.25,11.77
36.75,75.25,38.00,0.00,1602.35,1821.02,326.36,1899.04,340.32,4.10,12.01
36.75,75.75,38.00,0.00,1602.35,1821.02,326.57,1899.04,340.54,4.10,12.01
