LAT,LON,JAN,FEB,MAR,APR,MAY,JUN,JUL,AUG,SEP,OCT,NOV,DEC,ANN
23.25,60.25,4.54,5.45,6.36,7.18,7.66,7.58,7.11,6.84,6.68,6.08,5.1,4.39,6.25
23.25,60.75,4.54,5.45,6.36,7.18,7.66,7.58,7.11,6.84,6.68,6.08,5.1,4.39,6.25
23.25,61.25,4.59,5.45,6.37,7.2,7.65,7.47,6.97,6.68,6.56,6.09,5.14,4.4,6.21
23.25,61.75,4.59,5.45,6.37,7.2,7.65,7.47,6.97,6.68,6.56,6.09,5.14,4.4,6.21
23.25,62.25,4.79,5.68,6.61,7.39,7.7,7.39,6.59,6.24,6.39,6.09,5.16,4.51,6.21
23.25,62.75,4.79,5.68,6.61,7.39,7.7,7.39,6.59,6.24,6.39,6.09,5.16,4.51,6.21
23.25,63.25,4.8,5.7,6.64,7.39,7.68,7.26,6.31,6.12,6.3,6.04,5.14,4.52,6.16
23.25,63.75,4.8,5.7,6.64,7.39,7.68,7.26,6.31,6.12,6.3,6.04,5.14,4.52,6.16
23.25,64.25,4.82,5.74,6.7,7.42,7.63,7.2,6.21,5.97,6.25,6.01,5.16,4.58,6.14
23.25,64.75,4.82,5.74,6.7,7.42,7.63,7.2,6.21,5.97,6.25,6.01,5.16,4.58,6.14
23.25,65.25,4.86,5.76,6.76,7.4,7.59,7.12,6.1,5.94,6.26,5.97,5.13,4.58,6.12
23.25,65.75,4.86,5.76,6.76,7.4,7.59,7.12,6.1,5.94,6.26,5.97,5.13,4.58,6.12
23.25,66.25,4.88,5.78,6.74,7.37,7.56,7.02,6.04,5.82,6.26,5.95,5.17,4.66,6.1
23.25,66.75,4.88,5.78,6.74,7.37,7.56,7.02,6.04,5.82,6.26,5.95,5.17,4.66,6.1
23.25,67.25,4.96,5.83,6.85,7.38,7.56,6.97,6.04,5.86,6.28,5.93,5.19,4.71,6.13
23.25,67.75,4.96,5.83,6.85,7.38,7.56,6.97,6.04,5.86,6.28,5.93,5.19,4.71,6.13
23.25,68.25,4.65,5.47,6.25,6.87,6.78,6.27,5.26,5.24,5.7,5.41,4.69,4.28,5.57
23.25,68.75,4.65,5.47,6.25,6.87,6.78,6.27,5.26,5.24,5.7,5.41,4.69,4.28,5.57
23.25,69.25,4.24,4.95,5.67,6.31,6.47,6.18,5.24,4.96,5.28,4.94,4.33,3.99,5.21
23.25,69.75,4.24,4.95,5.67,6.31,6.47,6.18,5.24,4.96,5.28,4.94,4.33,3.99,5.21
23.25,70.25,4.22,4.88,5.63,6.35,6.67,6.27,5.16,4.88,5.18,4.81,4.23,3.96,5.19
23.25,70.75,4.22,4.88,5.63,6.35,6.67,6.27,5.16,4.88,5.18,4.81,4.23,3.96,5.19
23.25,71.25,4.2,4.81,5.67,6.36,6.68,6.17,5.05,4.8,5.19,4.87,4.23,3.92,5.16
23.25,71.75,4.2,4.81,5.67,6.36,6.68,6.17,5.05,4.8,5.19,4.87,4.23,3.92,5.16
23.25,72.25,4.5,5.12,5.96,6.41,6.59,5.93,4.73,4.49,5.14,5.12,4.55,4.15,5.22
23.25,72.75,4.5,5.12,5.96,6.41,6.59,5.93,4.73,4.49,5.14,5.12,4.55,4.15,5.22
23.25,73.25,4.56,5.22,6.08,6.7,6.75,5.86,4.5,4.19,5.16,5.2,4.66,4.2,5.26
23.25,73.75,4.56,5.22,6.08,6.7,6.75,5.86,4.5,4.19,5.16,5.2,4.66,4.2,5.26
23.25,74.25,4.49,5.17,5.99,6.59,6.68,5.82,4.45,4.07,5.05,5.14,4.59,4.16,5.18
23.25,74.75,4.49,5.17,5.99,6.59,6.68,5.82,4.45,4.07,5.05,5.14,4.59,4.16,5.18
23.25,75.25,4.51,5.27,6.11,6.67,6.8,5.73,4.23,3.85,4.81,5.1,4.61,4.2,5.16
23.25,75.75,4.51,5.27,6.11,6.67,6.8,5.73,4.23,3.85,4.81,5.1,4.61,4.2,5.16
23.25,76.25,4.47,5.24,6.09,6.59,6.62,5.64,4.25,3.81,4.84,5.12,4.63,4.18,5.12
23.25,76.75,4.47,5.24,6.09,6.59,6.62,5.64,4.25,3.81,4.84,5.12,4.63,4.18,5.12
23.25,77.25,4.5,5.25,6.07,6.59,6.52,5.46,4.11,3.7,4.77,5.15,4.64,4.2,5.08
23.25,77.75,4.5,5.25,6.07,6.59,6.52,5.46,4.11,3.7,4.77,5.15,4.64,4.2,5.08
23.25,78.25,4.57,5.24,6.02,6.59,6.36,5.33,4.1,3.64,4.53,5.1,4.63,4.24,5.03
23.75,60.25,4.54,5.45,6.36,7.18,7.66,7.58,7.11,6.84,6.68,6.08,5.1,4.39,6.25
23.75,60.75,4.54,5.45,6.36,7.18,7.66,7.58,7.11,6.84,6.68,6.08,5.1,4.39,6.25
23.75,61.25,4.59,5.45,6.37,7.2,7.65,7.47,6.97,6.68,6.56,6.09,5.14,4.4,6.21
23.75,61.75,4.59,5.45,6.37,7.2,7.65,7.47,6.97,6.68,6.56,6.09,5.14,4.4,6.21
23.75,62.25,4.79,5.68,6.61,7.39,7.7,7.39,6.59,6.24,6.39,6.09,5.16,4.51,6.21
23.75,62.75,4.79,5.68,6.61,7.39,7.7,7.39,6.59,6.24,6.39,6.09,5.16,4.51,6.21
23.75,63.25,4.8,5.7,6.64,7.39,7.68,7.26,6.31,6.12,6.3,6.04,5.14,4.52,6.16
23.75,63.75,4.8,5.7,6.64,7.39,7.68,7.26,6.31,6.12,6.3,6.04,5.14,4.52,6.16
23.75,64.25,4.82,5.74,6.7,7.42,7.63,7.2,6.21,5.97,6.25,6.01,5.16,4.58,6.14
23.75,64.75,4.82,5.74,6.7,7.42,7.63,7.2,6.21,5.97,6.25,6.01,5.16,4.58,6.14
23.75,65.25,4.86,5.76,6.76,7.4,7.59,7.12,6.1,5.94,6.26,5.97,5.13,4.58,6.12
23.75,65.75,4.86,5.76,6.76,7.4,7.59,7.12,6.1,5.94,6.26,5.97,5.13,4.58,6.12
23.75,66.25,4.88,5.78,6.74,7.37,7.56,7.02,6.04,5.82,6.26,5.95,5.17,4.66,6.1
23.75,66.75,4.88,5.78,6.74,7.37,7.56,7.02,6.04,5.82,6.26,5.95,5.17,4.66,6.1
23.75,67.25,4.96,5.83,6.85,7.38,7.56,6.97,6.04,5.86,6.28,5.93,5.19,4.71,6.13
23.75,67.75,4.96,5.83,6.85,7.38,7.56,6.97,6.04,5.86,6.28,5.93,5.19,4.71,6.13
23.75,68.25,4.65,5.47,6.25,6.87,6.78,6.27,5.26,5.24,5.7,5.41,4.69,4.28,5.57
23.75,68.75,4.65,5.47,6.25,6.87,6.78,6.27,5.26,5.24,5.7,5.41,4.69,4.28,5.57
23.75,69.25,4.24,4.95,5.67,6.31,6.47,6.18,5.24,4.96,5.28,4.94,4.33,3.99,5.21
23.75,69.75,4.24,4.95,5.67,6.31,6.47,6.18,5.24,4.96,5.28,4.94,4.33,3.99,5.21
23.75,70.25,4.22,4.88,5.63,6.35,6.67,6.27,5.16,4.88,5.18,4.81,4.23,3.96,5.19
23.75,70.75,4.22,4.88,5.63,6.35,6.67,6.27,5.16,4.88,5.18,4.81,4.23,3.96,5.19
23.75,71.25,4.2,4.81,5.67,6.36,6.68,6.17,5.05,4.8,5.19,4.87,4.23,3.92,5.16
23.75,71.75,4.2,4.81,5.67,6.36,6.68,6.17,5.05,4.8,5.19,4.87,4.23,3.92,5.16
23.75,72.25,4.5,5.12,5.96,6.41,6.59,5.93,4.73,4.49,5.14,5.12,4.55,4.15,5.22
23.75,72.75,4.5,5.12,5.96,6.41,6.59,5.93,4.73,4.49,5.14,5.12,4.55,4.15,5.22
23.75,73.25,4.56,5.22,6.08,6.7,6.75,5.86,4.5,4.19,5.16,5.2,4.66,4.2,5.26
23.75,73.75,4.56,5.22,6.08,6.7,6.75,5.86,4.5,4.19,5.16,5.2,4.66,4.2,5.26
23.75,74.25,4.49,5.17,5.99,6.59,6.68,5.82,4.45,4.07,5.05,5.14,4.59,4.16,5.18
23.75,74.75,4.49,5.17,5.99,6.59,6.68,5.82,4.45,4.07,5.05,5.14,4.59,4.16,5.18
23.75,75.25,4.51,5.27,6.11,6.67,6.8,5.73,4.23,3.85,4.81,5.1,4.61,4.2,5.16
23.75,75.75,4.51,5.27,6.11,6.67,6.8,5.73,4.23,3.85,4.81,5.1,4.61,4.2,5.16
23.75,76.25,4.47,5.24,6.09,6.59,6.62,5.64,4.25,3.81,4.84,5.12,4.63,4.18,5.12
23.75,76.75,4.47,5.24,6.09,6.59,6.62,5.64,4.25,3.81,4.84,5.12,4.63,4.18,5.12
23.75,77.25,4.5,5.25,6.07,6.59,6.52,5.46,4.11,3.7,4.77,5.15,4.64,4.2,5.08
23.75,77.75,4.5,5.25,6.07,6.59,6.52,5.46,4.11,3.7,4.77,5.15,4.64,4.2,5.08
23.75,78.25,4.57,5.24,6.02,6.59,6.36,5.33,4.1,3.64,4.53,5.1,4.63,4.24,5.03
24.25,60.25,4.41,5.31,6.25,7.23,7.69,7.64,7.22,6.82,6.62,5.92,4.98,4.21,6.19
24.25,60.75,4.41,5.31,6.25,7.23,7.69,7.64,7.22,6.82,6.62,5.92,4.98,4.21,6.19
24.25,61.25,4.59,5.56,6.46,7.38,7.76,7.66,7.04,6.56,6.52,6.0,5.07,4.34,6.25
24.25,61.75,4.59,5.56,6.46,7.38,7.76,7.66,7.04,6.56,6.52,6.0,5.07,4.34,6.25
24.25,62.25,4.62,5.54,6.48,7.41,7.72,7.51,6.71,6.31,6.37,5.99,5.05,4.35,6.17
24.25,62.75,4.62,5.54,6.48,7.41,7.72,7.51,6.71,6.31,6.37,5.99,5.05,4.35,6.17
24.25,63.25,4.64,5.56,6.53,7.42,7.7,7.38,6.5,6.17,6.28,5.98,5.07,4.39,6.14
24.25,63.75,4.64,5.56,6.53,7.42,7.7,7.38,6.5,6.17,6.28,5.98,5.07,4.39,6.14
24.25,64.25,4.67,5.59,6.62,7.41,7.67,7.37,6.49,6.16,6.3,5.94,5.06,4.42,6.14
24.25,64.75,4.67,5.59,6.62,7.41,7.67,7.37,6.49,6.16,6.3,5.94,5.06,4.42,6.14
24.25,65.25,4.7,5.62,6.65,7.38,7.62,7.26,6.3,6.06,6.27,5.91,5.09,4.44,6.11
24.25,65.75,4.7,5.62,6.65,7.38,7.62,7.26,6.3,6.06,6.27,5.91,5.09,4.44,6.11
24.25,66.25,4.76,5.67,6.68,7.31,7.6,7.23,6.3,6.11,6.32,5.91,5.11,4.53,6.13
24.25,66.75,4.76,5.67,6.68,7.31,7.6,7.23,6.3,6.11,6.32,5.91,5.11,4.53,6.13
24.25,67.25,4.39,5.18,5.93,6.65,6.67,6.4,5.44,5.27,5.62,5.24,4.5,4.11,5.45
24.25,67.75,4.39,5.18,5.93,6.65,6.67,6.4,5.44,5.27,5.62,5.24,4.5,4.11,5.45
24.25,68.25,4.19,4.92,5.64,6.38,6.5,6.4,5.41,5.12,5.31,4.91,4.24,3.87,5.24
24.25,68.75,4.19,4.92,5.64,6.38,6.5,6.4,5.41,5.12,5.31,4.91,4.24,3.87,5.24
24.25,69.25,4.13,4.82,5.56,6.27,6.53,6.43,5.41,5.19,5.33,4.86,4.23,3.9,5.22
24.25,69.75,4.13,4.82,5.56,6.27,6.53,6.43,5.41,5.19,5.33,4.86,4.23,3.9,5.22
24.25,70.25,4.06,4.64,5.49,6.41,6.83,6.53,5.46,5.17,5.25,4.75,4.06,3.74,5.2
24.25,70.75,4.06,4.64,5.49,6.41,6.83,6.53,5.46,5.17,5.25,4.75,4.06,3.74,5.2
24.25,71.25,3.99,4.62,5.48,6.39,6.77,6.41,5.18,4.94,5.17,4.66,3.95,3.7,5.11
24.25,71.75,3.99,4.62,5.48,6.39,6.77,6.41,5.18,4.94,5.17,4.66,3.95,3.7,5.11
24.25,72.25,4.33,4.93,5.77,6.27,6.54,6.13,4.83,4.56,5.2,4.97,4.34,3.96,5.15
24.25,72.75,4.33,4.93,5.77,6.27,6.54,6.13,4.83,4.56,5.2,4.97,4.34,3.96,5.15
24.25,73.25,4.45,5.09,5.9,6.48,6.59,5.95,4.52,4.19,5.13,5.06,4.52,4.03,5.16
24.25,73.75,4.45,5.09,5.9,6.48,6.59,5.95,4.52,4.19,5.13,5.06,4.52,4.03,5.16
24.25,74.25,4.43,5.08,5.89,6.45,6.56,5.94,4.59,4.25,5.1,5.04,4.49,4.06,5.16
24.25,74.75,4.43,5.08,5.89,6.45,6.56,5.94,4.59,4.25,5.1,5.04,4.49,4.06,5.16
24.25,75.25,4.35,5.11,5.91,6.48,6.53,5.91,4.55,4.19,5.1,5.09,4.49,4.07,5.15
24.25,75.75,4.35,5.11,5.91,6.48,6.53,5.91,4.55,4.19,5.1,5.09,4.49,4.07,5.15
24.25,76.25,4.28,5.08,5.87,6.47,6.47,5.77,4.44,4.05,5.05,5.08,4.48,4.03,5.09
24.25,76.75,4.28,5.08,5.87,6.47,6.47,5.77,4.44,4.05,5.05,5.08,4.48,4.03,5.09
24.25,77.25,4.32,5.14,5.96,6.56,6.44,5.67,4.27,3.89,4.85,5.08,4.52,4.07,5.06
24.25,77.75,4.32,5.14,5.96,6.56,6.44,5.67,4.27,3.89,4.85,5.08,4.52,4.07,5.06
24.25,78.25,4.36,5.1,5.87,6.47,6.23,5.41,4.27,3.99,4.65,4.98,4.49,4.07,4.99
24.75,60.25,4.41,5.31,6.25,7.23,7.69,7.64,7.22,6.82,6.62,5.92,4.98,4.21,6.19
24.75,60.75,4.41,5.31,6.25,7.23,7.69,7.64,7.22,6.82,6.62,5.92,4.98,4.21,6.19
24.75,61.25,4.59,5.56,6.46,7.38,7.76,7.66,7.04,6.56,6.52,6.0,5.07,4.34,6.25
24.75,61.75,4.59,5.56,6.46,7.38,7.76,7.66,7.04,6.56,6.52,6.0,5.07,4.34,6.25
24.75,62.25,4.62,5.54,6.48,7.41,7.72,7.51,6.71,6.31,6.37,5.99,5.05,4.35,6.17
24.75,62.75,4.62,5.54,6.48,7.41,7.72,7.51,6.71,6.31,6.37,5.99,5.05,4.35,6.17
24.75,63.25,4.64,5.56,6.53,7.42,7.7,7.38,6.5,6.17,6.28,5.98,5.07,4.39,6.14
24.75,63.75,4.64,5.56,6.53,7.42,7.7,7.38,6.5,6.17,6.28,5.98,5.07,4.39,6.14
24.75,64.25,4.67,5.59,6.62,7.41,7.67,7.37,6.49,6.16,6.3,5.94,5.06,4.42,6.14
24.75,64.75,4.67,5.59,6.62,7.41,7.67,7.37,6.49,6.16,6.3,5.94,5.06,4.42,6.14
24.75,65.25,4.7,5.62,6.65,7.38,7.62,7.26,6.3,6.06,6.27,5.91,5.09,4.44,6.11
24.75,65.75,4.7,5.62,6.65,7.38,7.62,7.26,6.3,6.06,6.27,5.91,5.09,4.44,6.11
24.75,66.25,4.76,5.67,6.68,7.31,7.6,7.23,6.3,6.11,6.32,5.91,5.11,4.53,6.13
24.75,66.75,4.76,5.67,6.68,7.31,7.6,7.23,6.3,6.11,6.32,5.91,5.11,4.53,6.13
24.75,67.25,4.39,5.18,5.93,6.65,6.67,6.4,5.44,5.27,5.62,5.24,4.5,4.11,5.45
24.75,67.75,4.39,5.18,5.93,6.65,6.67,6.4,5.44,5.27,5.62,5.24,4.5,4.11,5.45
24.75,68.25,4.19,4.92,5.64,6.38,6.5,6.4,5.41,5.12,5.31,4.91,4.24,3.87,5.24
24.75,68.75,4.19,4.92,5.64,6.38,6.5,6.4,5.41,5.12,5.31,4.91,4.24,3.87,5.24
24.75,69.25,4.13,4.82,5.56,6.27,6.53,6.43,5.41,5.19,5.33,4.86,4.23,3.9,5.22
24.75,69.75,4.13,4.82,5.56,6.27,6.53,6.43,5.41,5.19,5.33,4.86,4.23,3.9,5.22
24.75,70.25,4.06,4.64,5.49,6.41,6.83,6.53,5.46,5.17,5.25,4.75,4.06,3.74,5.2
24.75,70.75,4.06,4.64,5.49,6.41,6.83,6.53,5.46,5.17,5.25,4.75,4.06,3.74,5.2
24.75,71.25,3.99,4.62,5.48,6.39,6.77,6.41,5.18,4.94,5.17,4.66,3.95,3.7,5.11
24.75,71.75,3.99,4.62,5.48,6.39,6.77,6.41,5.18,4.94,5.17,4.66,3.95,3.7,5.11
24.75,72.25,4.33,4.93,5.77,6.27,6.54,6.13,4.83,4.56,5.2,4.97,4.34,3.96,5.15
24.75,72.75,4.33,4.93,5.77,6.27,6.54,6.13,4.83,4.56,5.2,4.97,4.34,3.96,5.15
24.75,73.25,4.45,5.09,5.9,6.48,6.59,5.95,4.52,4.19,5.13,5.06,4.52,4.03,5.16
24.75,73.75,4.45,5.09,5.9,6.48,6.59,5.95,4.52,4.19,5.13,5.06,4.52,4.03,5.16
24.75,74.25,4.43,5.08,5.89,6.45,6.56,5.94,4.59,4.25,5.1,5.04,4.49,4.06,5.16
24.75,74.75,4.43,5.08,5.89,6.45,6.56,5.94,4.59,4.25,5.1,5.04,4.49,4.06,5.16
24.75,75.25,4.35,5.11,5.91,6.48,6.53,5.91,4.55,4.19,5.1,5.09,4.49,4.07,5.15
24.75,75.75,4.35,5.11,5.91,6.48,6.53,5.91,4.55,4.19,5.1,5.09,4.49,4.07,5.15
24.75,76.25,4.28,5.08,5.87,6.47,6.47,5.77,4.44,4.05,5.05,5.08,4.48,4.03,5.09
24.75,76.75,4.28,5.08,5.87,6.47,6.47,5.77,4.44,4.05,5.05,5.08,4.48,4.03,5.09
24.75,77.25,4.32,5.14,5.96,6.56,6.44,5.67,4.27,3.89,4.85,5.08,4.52,4.07,5.06
24.75,77.75,4.32,5.14,5.96,6.56,6.44,5.67,4.27,3.89,4.85,5.08,4.52,4.07,5.06
24.75,78.25,4.36,5.1,5.87,6.47,6.23,5.41,4.27,3.99,4.65,4.98,4.49,4.07,4.99
25.25,60.25,3.86,4.61,5.11,6.29,6.82,6.77,6.29,6.03,5.75,5.22,4.32,3.68,5.4
25.25,60.75,3.86,4.61,5.11,6.29,6.82,6.77,6.29,6.03,5.75,5.22,4.32,3.68,5.4
25.25,61.25,3.79,4.47,5.01,6.08,6.6,6.61,6.17,5.79,5.41,4.88,4.08,3.53,5.2
25.25,61.75,3.79,4.47,5.01,6.08,6.6,6.61,6.17,5.79,5.41,4.88,4.08,3.53,5.2
25.25,62.25,3.92,4.61,5.22,6.1,6.4,6.46,5.88,5.58,5.36,5.0,4.19,3.59,5.19
25.25,62.75,3.92,4.61,5.22,6.1,6.4,6.46,5.88,5.58,5.36,5.0,4.19,3.59,5.19
25.25,63.25,3.86,4.58,5.17,6.14,6.42,6.49,5.82,5.6,5.38,5.0,4.12,3.53,5.18
25.25,63.75,3.86,4.58,5.17,6.14,6.42,6.49,5.82,5.6,5.38,5.0,4.12,3.53,5.18
25.25,64.25,3.98,4.69,5.33,6.27,6.68,6.8,6.04,5.71,5.56,5.01,4.19,3.67,5.33
25.25,64.75,3.98,4.69,5.33,6.27,6.68,6.8,6.04,5.71,5.56,5.01,4.19,3.67,5.33
25.25,65.25,3.89,4.62,5.26,6.24,6.65,6.81,6.1,5.73,5.51,4.87,4.07,3.66,5.28
25.25,65.75,3.89,4.62,5.26,6.24,6.65,6.81,6.1,5.73,5.51,4.87,4.07,3.66,5.28
25.25,66.25,4.14,4.89,5.61,6.42,6.72,6.69,5.95,5.65,5.62,5.1,4.24,3.85,5.41
25.25,66.75,4.14,4.89,5.61,6.42,6.72,6.69,5.95,5.65,5.62,5.1,4.24,3.85,5.41
25.25,67.25,3.8,4.48,5.29,6.31,6.68,6.69,5.77,5.43,5.29,4.72,3.93,3.58,5.16
25.25,67.75,3.8,4.48,5.29,6.31,6.68,6.69,5.77,5.43,5.29,4.72,3.93,3.58,5.16
25.25,68.25,3.7,4.42,5.41,6.41,6.88,6.98,6.2,5.95,5.62,4.54,3.7,3.42,5.27
25.25,68.75,3.7,4.42,5.41,6.41,6.88,6.98,6.2,5.95,5.62,4.54,3.7,3.42,5.27
25.25,69.25,4.12,4.89,5.61,6.3,6.51,6.56,5.85,5.57,5.55,4.95,4.2,3.9,5.33
25.25,69.75,4.12,4.89,5.61,6.3,6.51,6.56,5.85,5.57,5.55,4.95,4.2,3.9,5.33
25.25,70.25,4.08,4.74,5.47,6.1,6.4,6.36,5.47,5.21,5.32,4.87,4.15,3.75,5.16
25.25,70.75,4.08,4.74,5.47,6.1,6.4,6.36,5.47,5.21,5.32,4.87,4.15,3.75,5.16
25.25,71.25,4.12,4.73,5.43,6.16,6.57,6.42,5.37,5.04,5.25,4.88,4.11,3.75,5.15
25.25,71.75,4.12,4.73,5.43,6.16,6.57,6.42,5.37,5.04,5.25,4.88,4.11,3.75,5.15
25.25,72.25,4.0,4.68,5.67,6.52,6.91,6.7,5.56,5.18,5.36,4.72,4.05,3.56,5.24
25.25,72.75,4.0,4.68,5.67,6.52,6.91,6.7,5.56,5.18,5.36,4.72,4.05,3.56,5.24
25.25,73.25,4.14,4.79,5.62,6.31,6.68,6.41,5.24,4.92,5.26,4.83,4.31,3.79,5.19
25.25,73.75,4.14,4.79,5.62,6.31,6.68,6.41,5.24,4.92,5.26,4.83,4.31,3.79,5.19
25.25,74.25,4.22,4.93,5.69,6.18,6.39,6.11,4.89,4.6,5.19,4.94,4.34,3.93,5.12
25.25,74.75,4.22,4.93,5.69,6.18,6.39,6.11,4.89,4.6,5.19,4.94,4.34,3.93,5.12
25.25,75.25,4.13,4.91,5.62,6.23,6.34,6.04,4.85,4.43,5.2,4.96,4.33,3.91,5.08
25.25,75.75,4.13,4.91,5.62,6.23,6.34,6.04,4.85,4.43,5.2,4.96,4.33,3.91,5.08
25.25,76.25,4.09,4.93,5.63,6.23,6.32,5.97,4.66,4.35,5.08,4.97,4.31,3.88,5.04
25.25,76.75,4.09,4.93,5.63,6.23,6.32,5.97,4.66,4.35,5.08,4.97,4.31,3.88,5.04
25.25,77.25,4.1,4.94,5.75,6.41,6.36,5.82,4.53,4.16,4.92,4.99,4.35,3.9,5.02
25.25,77.75,4.1,4.94,5.75,6.41,6.36,5.82,4.53,4.16,4.92,4.99,4.35,3.9,5.02
25.25,78.25,4.06,4.88,5.73,6.32,6.29,5.69,4.54,4.27,4.79,4.89,4.31,3.84,4.97
25.75,60.25,3.86,4.61,5.11,6.29,6.82,6.77,6.29,6.03,5.75,5.22,4.32,3.68,5.4
25.75,60.75,3.86,4.61,5.11,6.29,6.82,6.77,6.29,6.03,5.75,5.22,4.32,3.68,5.4
25.75,61.25,3.79,4.47,5.01,6.08,6.6,6.61,6.17,5.79,5.41,4.88,4.08,3.53,5.2
25.75,61.75,3.79,4.47,5.01,6.08,6.6,6.61,6.17,5.79,5.41,4.88,4.08,3.53,5.2
25.75,62.25,3.92,4.61,5.22,6.1,6.4,6.46,5.88,5.58,5.36,5.0,4.19,3.59,5.19
25.75,62.75,3.92,4.61,5.22,6.1,6.4,6.46,5.88,5.58,5.36,5.0,4.19,3.59,5.19
25.75,63.25,3.86,4.58,5.17,6.14,6.42,6.49,5.82,5.6,5.38,5.0,4.12,3.53,5.18
25.75,63.75,3.86,4.58,5.17,6.14,6.42,6.49,5.82,5.6,5.38,5.0,4.12,3.53,5.18
25.75,64.25,3.98,4.69,5.33,6.27,6.68,6.8,6.04,5.71,5.56,5.01,4.19,3.67,5.33
25.75,64.75,3.98,4.69,5.33,6.27,6.68,6.8,6.04,5.71,5.56,5.01,4.19,3.67,5.33
25.75,65.25,3.89,4.62,5.26,6.24,6.65,6.81,6.1,5.73,5.51,4.87,4.07,3.66,5.28
25.75,65.75,3.89,4.62,5.26,6.24,6.65,6.81,6.1,5.73,5.51,4.87,4.07,3.66,5.28
25.75,66.25,4.14,4.89,5.61,6.42,6.72,6.69,5.95,5.65,5.62,5.1,4.24,3.85,5.41
25.75,66.75,4.14,4.89,5.61,6.42,6.72,6.69,5.95,5.65,5.62,5.1,4.24,3.85,5.41
25.75,67.25,3.8,4.48,5.29,6.31,6.68,6.69,5.77,5.43,5.29,4.72,3.93,3.58,5.16
25.75,67.75,3.8,4.48,5.29,6.31,6.68,6.69,5.77,5.43,5.29,4.72,3.93,3.58,5.16
25.75,68.25,3.7,4.42,5.41,6.41,6.88,6.98,6.2,5.95,5.62,4.54,3.7,3.42,5.27
25.75,68.75,3.7,4.42,5.41,6.41,6.88,6.98,6.2,5.95,5.62,4.54,3.7,3.42,5.27
25.75,69.25,4.12,4.89,5.61,6.3,6.51,6.56,5.85,5.57,5.55,4.95,4.2,3.9,5.33
25.75,69.75,4.12,4.89,5.61,6.3,6.51,6.56,5.85,5.57,5.55,4.95,4.2,3.9,5.33
25.75,70.25,4.08,4.74,5.47,6.1,6.4,6.36,5.47,5.21,5.32,4.87,4.15,3.75,5.16
25.75,70.75,4.08,4.74,5.47,6.1,6.4,6.36,5.47,5.21,5.32,4.87,4.15,3.75,5.16
25.75,71.25,4.12,4.73,5.43,6.16,6.57,6.42,5.37,5.04,5.25,4.88,4.11,3.75,5.15
25.75,71.75,4.12,4.73,5.43,6.16,6.57,6.42,5.37,5.04,5.25,4.88,4.11,3.75,5.15
25.75,72.25,4.0,4.68,5.67,6.52,6.91,6.7,5.56,5.18,5.36,4.72,4.05,3.56,5.24
25.75,72.75,4.0,4.68,5.67,6.52,6.91,6.7,5.56,5.18,5.36,4.72,4.05,3.56,5.24
25.75,73.25,4.14,4.79,5.62,6.31,6.68,6.41,5.24,4.92,5.26,4.83,4.31,3.79,5.19
25.75,73.75,4.14,4.79,5.62,6.31,6.68,6.41,5.24,4.92,5.26,4.83,4.31,3.79,5.19
25.75,74.25,4.22,4.93,5.69,6.18,6.39,6.11,4.89,4.6,5.19,4.94,4.34,3.93,5.12
25.75,74.75,4.22,4.93,5.69,6.18,6.39,6.11,4.89,4.6,5.19,4.94,4.34,3.93,5.12
25.75,75.25,4.13,4.91,5.62,6.23,6.34,6.04,4.85,4.43,5.2,4.96,4.33,3.91,5.08
25.75,75.75,4.13,4.91,5.62,6.23,6.34,6.04,4.85,4.43,5.2,4.96,4.33,3.91,5.08
25.75,76.25,4.09,4.93,5.63,6.23,6.32,5.97,4.66,4.35,5.08,4.97,4.31,3.88,5.04
25.75,76.75,4.09,4.93,5.63,6.23,6.32,5.97,4.66,4.35,5.08,4.97,4.31,3.88,5.04
25.75,77.25,4.1,4.94,5.75,6.41,6.36,5.82,4.53,4.16,4.92,4.99,4.35,3.9,5.02
25.75,77.75,4.1,4.94,5.75,6.41,6.36,5.82,4.53,4.16,4.92,4.99,4.35,3.9,5.02
25.75,78.25,4.06,4.88,5.73,6.32,6.29,5.69,4.54,4.27,4.79,4.89,4.31,3.84,4.97
26.25,60.25,4.05,4.93,5.28,6.56,7.14,7.13,6.75,6.55,6.08,5.42,4.48,3.78,5.68
26.25,60.75,4.05,4.93,5.28,6.56,7.14,7.13,6.75,6.55,6.08,5.42,4.48,3.78,5.68
26.25,61.25,4.15,4.97,5.48,6.61,6.91,6.89,6.58,6.34,5.93,5.33,4.49,3.84,5.63
26.25,61.75,4.15,4.97,5.48,6.61,6.91,6.89,6.58,6.34,5.93,5.33,4.49,3.84,5.63
26.25,62.25,4.19,4.97,5.56,6.59,6.89,6.92,6.54,6.29,5.93,5.28,4.47,3.82,5.62
26.25,62.75,4.19,4.97,5.56,6.59,6.89,6.92,6.54,6.29,5.93,5.28,4.47,3.82,5.62
26.25,63.25,4.18,4.95,5.62,6.56,6.83,6.89,6.47,6.27,5.92,5.28,4.44,3.81,5.6
26.25,63.75,4.18,4.95,5.62,6.56,6.83,6.89,6.47,6.27,5.92,5.28,4.44,3.81,5.6
26.25,64.25,4.13,4.93,5.62,6.49,6.75,6.91,6.41,6.16,5.83,5.27,4.39,3.78,5.56
26.25,64.75,4.13,4.93,5.62,6.49,6.75,6.91,6.41,6.16,5.83,5.27,4.39,3.78,5.56
26.25,65.25,4.15,4.99,5.68,6.44,6.74,6.79,6.29,6.06,5.86,5.28,4.44,3.86,5.55
26.25,65.75,4.15,4.99,5.68,6.44,6.74,6.79,6.29,6.06,5.86,5.28,4.44,3.86,5.55
26.25,66.25,4.1,4.86,5.61,6.31,6.72,6.8,6.19,5.95,5.68,5.14,4.29,3.82,5.46
26.25,66.75,4.1,4.86,5.61,6.31,6.72,6.8,6.19,5.95,5.68,5.14,4.29,3.82,5.46
26.25,67.25,3.88,4.62,5.32,6.29,6.67,6.72,6.08,5.83,5.46,4.91,4.01,3.61,5.28
26.25,67.75,3.88,4.62,5.32,6.29,6.67,6.72,6.08,5.83,5.46,4.91,4.01,3.61,5.28
26.25,68.25,3.99,4.71,5.41,6.09,6.42,6.41,5.77,5.6,5.56,5.0,4.21,3.75,5.24
26.25,68.75,3.99,4.71,5.41,6.09,6.42,6.41,5.77,5.6,5.56,5.0,4.21,3.75,5.24
26.25,69.25,3.93,4.61,5.26,5.96,6.32,6.39,5.77,5.51,5.44,4.79,4.02,3.62,5.13
26.25,69.75,3.93,4.61,5.26,5.96,6.32,6.39,5.77,5.51,5.44,4.79,4.02,3.62,5.13
26.25,70.25,3.87,4.6,5.33,6.14,6.59,6.62,5.86,5.54,5.32,4.74,3.92,3.55,5.17
26.25,70.75,3.87,4.6,5.33,6.14,6.59,6.62,5.86,5.54,5.32,4.74,3.92,3.55,5.17
26.25,71.25,3.91,4.59,5.33,6.21,6.67,6.62,5.81,5.47,5.36,4.66,3.95,3.56,5.18
26.25,71.75,3.91,4.59,5.33,6.21,6.67,6.62,5.81,5.47,5.36,4.66,3.95,3.56,5.18
26.25,72.25,3.93,4.53,5.34,6.18,6.65,6.46,5.61,5.22,5.27,4.67,4.06,3.6,5.13
26.25,72.75,3.93,4.53,5.34,6.18,6.65,6.46,5.61,5.22,5.27,4.67,4.06,3.6,5.13
26.25,73.25,3.95,4.58,5.54,6.4,6.82,6.63,5.6,5.3,5.31,4.68,4.08,3.6,5.21
26.25,73.75,3.95,4.58,5.54,6.4,6.82,6.63,5.6,5.3,5.31,4.68,4.08,3.6,5.21
26.25,74.25,4.01,4.62,5.48,6.21,6.67,6.46,5.33,5.07,5.18,4.8,4.17,3.72,5.14
26.25,74.75,4.01,4.62,5.48,6.21,6.67,6.46,5.33,5.07,5.18,4.8,4.17,3.72,5.14
26.25,75.25,4.0,4.71,5.46,6.11,6.38,6.24,5.1,4.71,5.12,4.79,4.16,3.74,5.04
26.25,75.75,4.0,4.71,5.46,6.11,6.38,6.24,5.1,4.71,5.12,4.79,4.16,3.74,5.04
26.25,76.25,3.92,4.7,5.43,6.05,6.38,6.14,4.93,4.51,5.0,4.76,4.16,3.71,4.97
26.25,76.75,3.92,4.7,5.43,6.05,6.38,6.14,4.93,4.51,5.0,4.76,4.16,3.71,4.97
26.25,77.25,3.91,4.75,5.55,6.12,6.26,6.01,4.83,4.44,4.92,4.8,4.17,3.69,4.95
26.25,77.75,3.91,4.75,5.55,6.12,6.26,6.01,4.83,4.44,4.92,4.8,4.17,3.69,4.95
26.25,78.25,3.86,4.75,5.6,6.13,6.33,5.89,4.78,4.45,4.78,4.77,4.15,3.65,4.93
26.75,60.25,4.05,4.93,5.28,6.56,7.14,7.13,6.75,6.55,6.08,5.42,4.48,3.78,5.68
26.75,60.75,4.05,4.93,5.28,6.56,7.14,7.13,6.75,6.55,6.08,5.42,4.48,3.78,5.68
26.75,61.25,4.15,4.97,5.48,6.61,6.91,6.89,6.58,6.34,5.93,5.33,4.49,3.84,5.63
26.75,61.75,4.15,4.97,5.48,6.61,6.91,6.89,6.58,6.34,5.93,5.33,4.49,3.84,5.63
26.75,62.25,4.19,4.97,5.56,6.59,6.89,6.92,6.54,6.29,5.93,5.28,4.47,3.82,5.62
26.75,62.75,4.19,4.97,5.56,6.59,6.89,6.92,6.54,6.29,5.93,5.28,4.47,3.82,5.62
26.75,63.25,4.18,4.95,5.62,6.56,6.83,6.89,6.47,6.27,5.92,5.28,4.44,3.81,5.6
26.75,63.75,4.18,4.95,5.62,6.56,6.83,6.89,6.47,6.27,5.92,5.28,4.44,3.81,5.6
26.75,64.25,4.13,4.93,5.62,6.49,6.75,6.91,6.41,6.16,5.83,5.27,4.39,3.78,5.56
26.75,64.75,4.13,4.93,5.62,6.49,6.75,6.91,6.41,6.16,5.83,5.27,4.39,3.78,5.56
26.75,65.25,4.15,4.99,5.68,6.44,6.74,6.79,6.29,6.06,5.86,5.28,4.44,3.86,5.55
26.75,65.75,4.15,4.99,5.68,6.44,6.74,6.79,6.29,6.06,5.86,5.28,4.44,3.86,5.55
26.75,66.25,4.1,4.86,5.61,6.31,6.72,6.8,6.19,5.95,5.68,5.14,4.29,3.82,5.46
26.75,66.75,4.1,4.86,5.61,6.31,6.72,6.8,6.19,5.95,5.68,5.14,4.29,3.82,5.46
26.75,67.25,3.88,4.62,5.32,6.29,6.67,6.72,6.08,5.83,5.46,4.91,4.01,3.61,5.28
26.75,67.75,3.88,4.62,5.32,6.29,6.67,6.72,6.08,5.83,5.46,4.91,4.01,3.61,5.28
26.75,68.25,3.99,4.71,5.41,6.09,6.42,6.41,5.77,5.6,5.56,5.0,4.21,3.75,5.24
26.75,68.75,3.99,4.71,5.41,6.09,6.42,6.41,5.77,5.6,5.56,5.0,4.21,3.75,5.24
26.75,69.25,3.93,4.61,5.26,5.96,6.32,6.39,5.77,5.51,5.44,4.79,4.02,3.62,5.13
26.75,69.75,3.93,4.61,5.26,5.96,6.32,6.39,5.77,5.51,5.44,4.79,4.02,3.62,5.13
26.75,70.25,3.87,4.6,5.33,6.14,6.59,6.62,5.86,5.54,5.32,4.74,3.92,3.55,5.17
26.75,70.75,3.87,4.6,5.33,6.14,6.59,6.62,5.86,5.54,5.32,4.74,3.92,3.55,5.17
26.75,71.25,3.91,4.59,5.33,6.21,6.67,6.62,5.81,5.47,5.36,4.66,3.95,3.56,5.18
26.75,71.75,3.91,4.59,5.33,6.21,6.67,6.62,5.81,5.47,5.36,4.66,3.95,3.56,5.18
26.75,72.25,3.93,4.53,5.34,6.18,6.65,6.46,5.61,5.22,5.27,4.67,4.06,3.6,5.13
26.75,72.75,3.93,4.53,5.34,6.18,6.65,6.46,5.61,5.22,5.27,4.67,4.06,3.6,5.13
26.75,73.25,3.95,4.58,5.54,6.4,6.82,6.63,5.6,5.3,5.31,4.68,4.08,3.6,5.21
26.75,73.75,3.95,4.58,5.54,6.4,6.82,6.63,5.6,5.3,5.31,4.68,4.08,3.6,5.21
26.75,74.25,4.01,4.62,5.48,6.21,6.67,6.46,5.33,5.07,5.18,4.8,4.17,3.72,5.14
26.75,74.75,4.01,4.62,5.48,6.21,6.67,6.46,5.33,5.07,5.18,4.8,4.17,3.72,5.14
26.75,75.25,4.0,4.71,5.46,6.11,6.38,6.24,5.1,4.71,5.12,4.79,4.16,3.74,5.04
26.75,75.75,4.0,4.71,5.46,6.11,6.38,6.24,5.1,4.71,5.12,4.79,4.16,3.74,5.04
26.75,76.25,3.92,4.7,5.43,6.05,6.38,6.14,4.93,4.51,5.0,4.76,4.16,3.71,4.97
26.75,76.75,3.92,4.7,5.43,6.05,6.38,6.14,4.93,4.51,5.0,4.76,4.16,3.71,4.97
26.75,77.25,3.91,4.75,5.55,6.12,6.26,6.01,4.83,4.44,4.92,4.8,4.17,3.69,4.95
26.75,77.75,3.91,4.75,5.55,6.12,6.26,6.01,4.83,4.44,4.92,4.8,4.17,3.69,4.95
26.75,78.25,3.86,4.75,5.6,6.13,6.33,5.89,4.78,4.45,4.78,4.77,4.15,3.65,4.93
27.25,60.25,3.85,4.73,5.3,6.37,6.9,7.12,6.92,6.54,5.93,5.08,4.09,3.49,5.53
27.25,60.75,3.85,4.73,5.3,6.37,6.9,7.12,6.92,6.54,5.93,5.08,4.09,3.49,5.53
27.25,61.25,4.09,4.89,5.38,6.51,6.96,7.02,6.77,6.44,6.1,5.3,4.36,3.72,5.63
27.25,61.75,4.09,4.89,5.38,6.51,6.96,7.02,6.77,6.44,6.1,5.3,4.36,3.72,5.63
27.25,62.25,4.05,4.81,5.34,6.34,6.71,6.78,6.57,6.24,5.96,5.13,4.27,3.68,5.49
27.25,62.75,4.05,4.81,5.34,6.34,6.71,6.78,6.57,6.24,5.96,5.13,4.27,3.68,5.49
27.25,63.25,3.97,4.71,5.4,6.39,6.81,6.99,6.7,6.39,5.98,5.11,4.19,3.59,5.52
27.25,63.75,3.97,4.71,5.4,6.39,6.81,6.99,6.7,6.39,5.98,5.11,4.19,3.59,5.52
27.25,64.25,3.89,4.68,5.48,6.42,7.0,7.1,6.77,6.43,5.94,5.12,4.21,3.57,5.55
27.25,64.75,3.89,4.68,5.48,6.42,7.0,7.1,6.77,6.43,5.94,5.12,4.21,3.57,5.55
27.25,65.25,3.99,4.86,5.66,6.45,6.97,7.08,6.66,6.33,5.83,5.19,4.35,3.68,5.59
27.25,65.75,3.99,4.86,5.66,6.45,6.97,7.08,6.66,6.33,5.83,5.19,4.35,3.68,5.59
27.25,66.25,4.02,4.87,5.54,6.34,6.81,6.82,6.4,6.11,5.64,5.14,4.29,3.69,5.47
27.25,66.75,4.02,4.87,5.54,6.34,6.81,6.82,6.4,6.11,5.64,5.14,4.29,3.69,5.47
27.25,67.25,3.86,4.68,5.27,6.17,6.64,6.62,6.12,5.88,5.46,4.96,4.06,3.54,5.27
27.25,67.75,3.86,4.68,5.27,6.17,6.64,6.62,6.12,5.88,5.46,4.96,4.06,3.54,5.27
27.25,68.25,3.97,4.78,5.44,6.25,6.64,6.73,6.21,5.81,5.66,4.99,4.12,3.64,5.35
27.25,68.75,3.97,4.78,5.44,6.25,6.64,6.73,6.21,5.81,5.66,4.99,4.12,3.64,5.35
27.25,69.25,3.92,4.67,5.23,5.98,6.43,6.42,5.82,5.54,5.5,4.86,4.04,3.58,5.17
27.25,69.75,3.92,4.67,5.23,5.98,6.43,6.42,5.82,5.54,5.5,4.86,4.04,3.58,5.17
27.25,70.25,3.72,4.54,5.19,6.03,6.58,6.59,6.06,5.6,5.25,4.67,3.89,3.44,5.13
27.25,70.75,3.72,4.54,5.19,6.03,6.58,6.59,6.06,5.6,5.25,4.67,3.89,3.44,5.13
27.25,71.25,3.6,4.45,5.17,6.1,6.59,6.64,5.99,5.62,5.28,4.55,3.83,3.39,5.1
27.25,71.75,3.6,4.45,5.17,6.1,6.59,6.64,5.99,5.62,5.28,4.55,3.83,3.39,5.1
27.25,72.25,3.68,4.36,5.21,6.17,6.6,6.56,5.87,5.49,5.26,4.53,3.87,3.42,5.09
27.25,72.75,3.68,4.36,5.21,6.17,6.6,6.56,5.87,5.49,5.26,4.53,3.87,3.42,5.09
27.25,73.25,3.65,4.43,5.4,6.5,6.97,6.89,5.99,5.62,5.37,4.47,3.81,3.39,5.21
27.25,73.75,3.65,4.43,5.4,6.5,6.97,6.89,5.99,5.62,5.37,4.47,3.81,3.39,5.21
27.25,74.25,3.93,4.46,5.22,5.97,6.3,6.26,5.3,5.06,5.14,4.72,4.06,3.62,5.0
27.25,74.75,3.93,4.46,5.22,5.97,6.3,6.26,5.3,5.06,5.14,4.72,4.06,3.62,5.0
27.25,75.25,3.83,4.41,5.35,6.19,6.65,6.43,5.41,5.06,5.05,4.62,3.96,3.5,5.04
27.25,75.75,3.83,4.41,5.35,6.19,6.65,6.43,5.41,5.06,5.05,4.62,3.96,3.5,5.04
27.25,76.25,3.85,4.53,5.38,5.94,6.29,6.09,5.01,4.69,5.0,4.63,4.03,3.54,4.92
27.25,76.75,3.85,4.53,5.38,5.94,6.29,6.09,5.01,4.69,5.0,4.63,4.03,3.54,4.92
27.25,77.25,3.77,4.64,5.49,6.02,6.26,5.98,4.97,4.57,4.83,4.66,4.05,3.54,4.9
27.25,77.75,3.77,4.64,5.49,6.02,6.26,5.98,4.97,4.57,4.83,4.66,4.05,3.54,4.9
27.25,78.25,3.67,4.69,5.59,6.08,6.36,6.01,4.96,4.54,4.75,4.73,4.03,3.49,4.91
27.75,60.25,3.85,4.73,5.3,6.37,6.9,7.12,6.92,6.54,5.93,5.08,4.09,3.49,5.53
27.75,60.75,3.85,4.73,5.3,6.37,6.9,7.12,6.92,6.54,5.93,5.08,4.09,3.49,5.53
27.75,61.25,4.09,4.89,5.38,6.51,6.96,7.02,6.77,6.44,6.1,5.3,4.36,3.72,5.63
27.75,61.75,4.09,4.89,5.38,6.51,6.96,7.02,6.77,6.44,6.1,5.3,4.36,3.72,5.63
27.75,62.25,4.05,4.81,5.34,6.34,6.71,6.78,6.57,6.24,5.96,5.13,4.27,3.68,5.49
27.75,62.75,4.05,4.81,5.34,6.34,6.71,6.78,6.57,6.24,5.96,5.13,4.27,3.68,5.49
27.75,63.25,3.97,4.71,5.4,6.39,6.81,6.99,6.7,6.39,5.98,5.11,4.19,3.59,5.52
27.75,63.75,3.97,4.71,5.4,6.39,6.81,6.99,6.7,6.39,5.98,5.11,4.19,3.59,5.52
27.75,64.25,3.89,4.68,5.48,6.42,7.0,7.1,6.77,6.43,5.94,5.12,4.21,3.57,5.55
27.75,64.75,3.89,4.68,5.48,6.42,7.0,7.1,6.77,6.43,5.94,5.12,4.21,3.57,5.55
27.75,65.25,3.99,4.86,5.66,6.45,6.97,7.08,6.66,6.33,5.83,5.19,4.35,3.68,5.59
27.75,65.75,3.99,4.86,5.66,6.45,6.97,7.08,6.66,6.33,5.83,5.19,4.35,3.68,5.59
27.75,66.25,4.02,4.87,5.54,6.34,6.81,6.82,6.4,6.11,5.64,5.14,4.29,3.69,5.47
27.75,66.75,4.02,4.87,5.54,6.34,6.81,6.82,6.4,6.11,5.64,5.14,4.29,3.69,5.47
27.75,67.25,3.86,4.68,5.27,6.17,6.64,6.62,6.12,5.88,5.46,4.96,4.06,3.54,5.27
27.75,67.75,3.86,4.68,5.27,6.17,6.64,6.62,6.12,5.88,5.46,4.96,4.06,3.54,5.27
27.75,68.25,3.97,4.78,5.44,6.25,6.64,6.73,6.21,5.81,5.66,4.99,4.12,3.64,5.35
27.75,68.75,3.97,4.78,5.44,6.25,6.64,6.73,6.21,5.81,5.66,4.99,4.12,3.64,5.35
27.75,69.25,3.92,4.67,5.23,5.98,6.43,6.42,5.82,5.54,5.5,4.86,4.04,3.58,5.17
27.75,69.75,3.92,4.67,5.23,5.98,6.43,6.42,5.82,5.54,5.5,4.86,4.04,3.58,5.17
27.75,70.25,3.72,4.54,5.19,6.03,6.58,6.59,6.06,5.6,5.25,4.67,3.89,3.44,5.13
27.75,70.75,3.72,4.54,5.19,6.03,6.58,6.59,6.06,5.6,5.25,4.67,3.89,3.44,5.13
27.75,71.25,3.6,4.45,5.17,6.1,6.59,6.64,5.99,5.62,5.28,4.55,3.83,3.39,5.1
27.75,71.75,3.6,4.45,5.17,6.1,6.59,6.64,5.99,5.62,5.28,4.55,3.83,3.39,5.1
27.75,72.25,3.68,4.36,5.21,6.17,6.6,6.56,5.87,5.49,5.26,4.53,3.87,3.42,5.09
27.75,72.75,3.68,4.36,5.21,6.17,6.6,6.56,5.87,5.49,5.26,4.53,3.87,3.42,5.09
27.75,73.25,3.65,4.43,5.4,6.5,6.97,6.89,5.99,5.62,5.37,4.47,3.81,3.39,5.21
27.75,73.75,3.65,4.43,5.4,6.5,6.97,6.89,5.99,5.62,5.37,4.47,3.81,3.39,5.21
27.75,74.25,3.93,4.46,5.22,5.97,6.3,6.26,5.3,5.06,5.14,4.72,4.06,3.62,5.0
27.75,74.75,3.93,4.46,5.22,5.97,6.3,6.26,5.3,5.06,5.14,4.72,4.06,3.62,5.0
27.75,75.25,3.83,4.41,5.35,6.19,6.65,6.43,5.41,5.06,5.05,4.62,3.96,3.5,5.04
27.75,75.75,3.83,4.41,5.35,6.19,6.65,6.43,5.41,5.06,5.05,4.62,3.96,3.5,5.04
27.75,76.25,3.85,4.53,5.38,5.94,6.29,6.09,5.01,4.69,5.0,4.63,4.03,3.54,4.92
27.75,76.75,3.85,4.53,5.38,5.94,6.29,6.09,5.01,4.69,5.0,4.63,4.03,3.54,4.92
27.75,77.25,3.77,4.64,5.49,6.02,6.26,5.98,4.97,4.57,4.83,4.66,4.05,3.54,4.9
27.75,77.75,3.77,4.64,5.49,6.02,6.26,5.98,4.97,4.57,4.83,4.66,4.05,3.54,4.9
27.75,78.25,3.67,4.69,5.59,6.08,6.36,6.01,4.96,4.54,4.75,4.73,4.03,3.49,4.91
28.25,60.25,3.81,4.71,5.28,6.43,7.08,7.03,6.93,6.64,6.02,5.15,4.14,3.45,5.56
28.25,60.75,3.81,4.71,5.28,6.43,7.08,7.03,6.93,6.64,6.02,5.15,4.14,3.45,5.56
28.25,61.25,3.83,4.61,5.17,6.18,6.64,6.8,6.65,6.39,5.87,4.99,4.03,3.48,5.39
28.25,61.75,3.83,4.61,5.17,6.18,6.64,6.8,6.65,6.39,5.87,4.99,4.03,3.48,5.39
28.25,62.25,3.83,4.61,5.23,6.25,6.76,7.0,6.79,6.47,6.01,5.04,4.04,3.42,5.45
28.25,62.75,3.83,4.61,5.23,6.25,6.76,7.0,6.79,6.47,6.01,5.04,4.04,3.42,5.45
28.25,63.25,3.74,4.61,5.18,6.28,6.84,6.89,6.67,6.42,6.1,5.18,4.07,3.39,5.45
28.25,63.75,3.74,4.61,5.18,6.28,6.84,6.89,6.67,6.42,6.1,5.18,4.07,3.39,5.45
28.25,64.25,3.8,4.62,5.26,6.23,6.76,6.85,6.56,6.26,5.95,5.15,4.12,3.47,5.42
28.25,64.75,3.8,4.62,5.26,6.23,6.76,6.85,6.56,6.26,5.95,5.15,4.12,3.47,5.42
28.25,65.25,3.71,4.56,5.37,6.49,7.07,7.28,6.91,6.54,5.91,5.13,4.04,3.44,5.54
28.25,65.75,3.71,4.56,5.37,6.49,7.07,7.28,6.91,6.54,5.91,5.13,4.04,3.44,5.54
28.25,66.25,3.85,4.67,5.4,6.39,6.9,7.02,6.51,6.23,5.79,5.12,4.19,3.61,5.47
28.25,66.75,3.85,4.67,5.4,6.39,6.9,7.02,6.51,6.23,5.79,5.12,4.19,3.61,5.47
28.25,67.25,3.78,4.56,5.06,5.96,6.49,6.49,5.88,5.63,5.51,4.96,4.11,3.48,5.16
28.25,67.75,3.78,4.56,5.06,5.96,6.49,6.49,5.88,5.63,5.51,4.96,4.11,3.48,5.16
28.25,68.25,3.79,4.47,4.98,5.98,6.66,6.75,6.26,5.69,5.34,4.68,3.92,3.44,5.16
28.25,68.75,3.79,4.47,4.98,5.98,6.66,6.75,6.26,5.69,5.34,4.68,3.92,3.44,5.16
28.25,69.25,3.76,4.47,5.1,6.22,6.94,7.01,6.42,5.93,5.28,4.55,3.77,3.4,5.24
28.25,69.75,3.76,4.47,5.1,6.22,6.94,7.01,6.42,5.93,5.28,4.55,3.77,3.4,5.24
28.25,70.25,3.65,4.46,5.13,6.11,6.82,6.86,6.41,5.89,5.26,4.58,3.77,3.39,5.19
28.25,70.75,3.65,4.46,5.13,6.11,6.82,6.86,6.41,5.89,5.26,4.58,3.77,3.39,5.19
28.25,71.25,3.56,4.37,5.06,5.86,6.43,6.58,5.93,5.51,5.16,4.56,3.79,3.34,5.01
28.25,71.75,3.56,4.37,5.06,5.86,6.43,6.58,5.93,5.51,5.16,4.56,3.79,3.34,5.01
28.25,72.25,3.59,4.28,5.06,5.94,6.51,6.57,5.92,5.53,5.1,4.48,3.76,3.28,5.0
28.25,72.75,3.59,4.28,5.06,5.94,6.51,6.57,5.92,5.53,5.1,4.48,3.76,3.28,5.0
28.25,73.25,3.6,4.14,4.96,5.97,6.55,6.47,5.8,5.39,5.02,4.42,3.77,3.26,4.95
28.25,73.75,3.6,4.14,4.96,5.97,6.55,6.47,5.8,5.39,5.02,4.42,3.77,3.26,4.95
28.25,74.25,3.64,4.17,4.95,5.98,6.45,6.39,5.57,5.25,4.97,4.52,3.81,3.33,4.92
28.25,74.75,3.64,4.17,4.95,5.98,6.45,6.39,5.57,5.25,4.97,4.52,3.81,3.33,4.92
28.25,75.25,3.68,4.33,5.22,5.91,6.31,6.12,5.33,5.01,5.05,4.67,3.95,3.38,4.91
28.25,75.75,3.68,4.33,5.22,5.91,6.31,6.12,5.33,5.01,5.05,4.67,3.95,3.38,4.91
28.25,76.25,3.72,4.51,5.48,6.05,6.45,6.25,5.39,5.05,5.07,4.69,4.04,3.46,5.01
28.25,76.75,3.72,4.51,5.48,6.05,6.45,6.25,5.39,5.05,5.07,4.69,4.04,3.46,5.01
28.25,77.25,3.8,4.68,5.8,6.3,6.42,6.07,5.22,4.81,5.06,4.83,4.18,3.52,5.06
28.25,77.75,3.8,4.68,5.8,6.3,6.42,6.07,5.22,4.81,5.06,4.83,4.18,3.52,5.06
28.25,78.25,3.83,4.86,5.97,6.61,6.65,6.15,5.23,4.77,5.01,5.01,4.24,3.56,5.16
28.75,60.25,3.81,4.71,5.28,6.43,7.08,7.03,6.93,6.64,6.02,5.15,4.14,3.45,5.56
28.75,60.75,3.81,4.71,5.28,6.43,7.08,7.03,6.93,6.64,6.02,5.15,4.14,3.45,5.56
28.75,61.25,3.83,4.61,5.17,6.18,6.64,6.8,6.65,6.39,5.87,4.99,4.03,3.48,5.39
28.75,61.75,3.83,4.61,5.17,6.18,6.64,6.8,6.65,6.39,5.87,4.99,4.03,3.48,5.39
28.75,62.25,3.83,4.61,5.23,6.25,6.76,7.0,6.79,6.47,6.01,5.04,4.04,3.42,5.45
28.75,62.75,3.83,4.61,5.23,6.25,6.76,7.0,6.79,6.47,6.01,5.04,4.04,3.42,5.45
28.75,63.25,3.74,4.61,5.18,6.28,6.84,6.89,6.67,6.42,6.1,5.18,4.07,3.39,5.45
28.75,63.75,3.74,4.61,5.18,6.28,6.84,6.89,6.67,6.42,6.1,5.18,4.07,3.39,5.45
28.75,64.25,3.8,4.62,5.26,6.23,6.76,6.85,6.56,6.26,5.95,5.15,4.12,3.47,5.42
28.75,64.75,3.8,4.62,5.26,6.23,6.76,6.85,6.56,6.26,5.95,5.15,4.12,3.47,5.42
28.75,65.25,3.71,4.56,5.37,6.49,7.07,7.28,6.91,6.54,5.91,5.13,4.04,3.44,5.54
28.75,65.75,3.71,4.56,5.37,6.49,7.07,7.28,6.91,6.54,5.91,5.13,4.04,3.44,5.54
28.75,66.25,3.85,4.67,5.4,6.39,6.9,7.02,6.51,6.23,5.79,5.12,4.19,3.61,5.47
28.75,66.75,3.85,4.67,5.4,6.39,6.9,7.02,6.51,6.23,5.79,5.12,4.19,3.61,5.47
28.75,67.25,3.78,4.56,5.06,5.96,6.49,6.49,5.88,5.63,5.51,4.96,4.11,3.48,5.16
28.75,67.75,3.78,4.56,5.06,5.96,6.49,6.49,5.88,5.63,5.51,4.96,4.11,3.48,5.16
28.75,68.25,3.79,4.47,4.98,5.98,6.66,6.75,6.26,5.69,5.34,4.68,3.92,3.44,5.16
28.75,68.75,3.79,4.47,4.98,5.98,6.66,6.75,6.26,5.69,5.34,4.68,3.92,3.44,5.16
28.75,69.25,3.76,4.47,5.1,6.22,6.94,7.01,6.42,5.93,5.28,4.55,3.77,3.4,5.24
28.75,69.75,3.76,4.47,5.1,6.22,6.94,7.01,6.42,5.93,5.28,4.55,3.77,3.4,5.24
28.75,70.25,3.65,4.46,5.13,6.11,6.82,6.86,6.41,5.89,5.26,4.58,3.77,3.39,5.19
28.75,70.75,3.65,4.46,5.13,6.11,6.82,6.86,6.41,5.89,5.26,4.58,3.77,3.39,5.19
28.75,71.25,3.56,4.37,5.06,5.86,6.43,6.58,5.93,5.51,5.16,4.56,3.79,3.34,5.01
28.75,71.75,3.56,4.37,5.06,5.86,6.43,6.58,5.93,5.51,5.16,4.56,3.79,3.34,5.01
28.75,72.25,3.59,4.28,5.06,5.94,6.51,6.57,5.92,5.53,5.1,4.48,3.76,3.28,5.0
28.75,72.75,3.59,4.28,5.06,5.94,6.51,6.57,5.92,5.53,5.1,4.48,3.76,3.28,5.0
28.75,73.25,3.6,4.14,4.96,5.97,6.55,6.47,5.8,5.39,5.02,4.42,3.77,3.26,4.95
28.75,73.75,3.6,4.14,4.96,5.97,6.55,6.47,5.8,5.39,5.02,4.42,3.77,3.26,4.95
28.75,74.25,3.64,4.17,4.95,5.98,6.45,6.39,5.57,5.25,4.97,4.52,3.81,3.33,4.92
28.75,74.75,3.64,4.17,4.95,5.98,6.45,6.39,5.57,5.25,4.97,4.52,3.81,3.33,4.92
28.75,75.25,3.68,4.33,5.22,5.91,6.31,6.12,5.33,5.01,5.05,4.67,3.95,3.38,4.91
28.75,75.75,3.68,4.33,5.22,5.91,6.31,6.12,5.33,5.01,5.05,4.67,3.95,3.38,4.91
28.75,76.25,3.72,4.51,5.48,6.05,6.45,6.25,5.39,5.05,5.07,4.69,4.04,3.46,5.01
28.75,76.75,3.72,4.51,5.48,6.05,6.45,6.25,5.39,5.05,5.07,4.69,4.04,3.46,5.01
28.75,77.25,3.8,4.68,5.8,6.3,6.42,6.07,5.22,4.81,5.06,4.83,4.18,3.52,5.06
28.75,77.75,3.8,4.68,5.8,6.3,6.42,6.07,5.22,4.81,5.06,4.83,4.18,3.52,5.06
28.75,78.25,3.83,4.86,5.97,6.61,6.65,6.15,5.23,4.77,5.01,5.01,4.24,3.56,5.16
29.25,60.25,3.67,4.56,5.26,6.24,6.79,6.96,6.84,6.57,5.89,4.98,3.95,3.33,5.42
29.25,60.75,3.67,4.56,5.26,6.24,6.79,6.96,6.84,6.57,5.89,4.98,3.95,3.33,5.42
29.25,61.25,3.59,4.45,5.06,5.99,6.63,6.92,6.83,6.51,5.78,4.83,3.79,3.26,5.3
29.25,61.75,3.59,4.45,5.06,5.99,6.63,6.92,6.83,6.51,5.78,4.83,3.79,3.26,5.3
29.25,62.25,3.57,4.43,5.04,6.13,6.73,7.0,6.65,6.52,6.03,5.02,3.84,3.25,5.35
29.25,62.75,3.57,4.43,5.04,6.13,6.73,7.0,6.65,6.52,6.03,5.02,3.84,3.25,5.35
29.25,63.25,3.61,4.48,5.23,6.37,7.07,7.38,7.09,6.71,6.14,5.09,3.84,3.24,5.52
29.25,63.75,3.61,4.48,5.23,6.37,7.07,7.38,7.09,6.71,6.14,5.09,3.84,3.24,5.52
29.25,64.25,3.74,4.59,5.24,6.34,6.84,6.99,6.77,6.45,6.06,5.16,4.01,3.42,5.47
29.25,64.75,3.74,4.59,5.24,6.34,6.84,6.99,6.77,6.45,6.06,5.16,4.01,3.42,5.47
29.25,65.25,3.5,4.36,5.08,6.4,7.16,7.51,7.08,6.67,6.12,5.0,3.76,3.21,5.49
29.25,65.75,3.5,4.36,5.08,6.4,7.16,7.51,7.08,6.67,6.12,5.0,3.76,3.21,5.49
29.25,66.25,3.63,4.4,5.19,6.48,7.13,7.41,6.97,6.56,6.0,5.08,3.99,3.39,5.52
29.25,66.75,3.63,4.4,5.19,6.48,7.13,7.41,6.97,6.56,6.0,5.08,3.99,3.39,5.52
29.25,67.25,3.59,4.34,4.96,6.15,6.72,6.92,6.43,6.02,5.65,4.78,3.91,3.29,5.23
29.25,67.75,3.59,4.34,4.96,6.15,6.72,6.92,6.43,6.02,5.65,4.78,3.91,3.29,5.23
29.25,68.25,3.62,4.4,5.07,6.29,7.05,7.3,6.76,6.29,5.78,4.63,3.74,3.25,5.35
29.25,68.75,3.62,4.4,5.07,6.29,7.05,7.3,6.76,6.29,5.78,4.63,3.74,3.25,5.35
29.25,69.25,3.66,4.42,5.09,6.18,6.83,6.92,6.39,5.98,5.47,4.52,3.67,3.27,5.2
29.25,69.75,3.66,4.42,5.09,6.18,6.83,6.92,6.39,5.98,5.47,4.52,3.67,3.27,5.2
29.25,70.25,3.62,4.38,4.98,5.78,6.5,6.58,6.19,5.64,5.12,4.52,3.67,3.31,5.02
29.25,70.75,3.62,4.38,4.98,5.78,6.5,6.58,6.19,5.64,5.12,4.52,3.67,3.31,5.02
29.25,71.25,3.61,4.47,5.25,5.99,6.53,6.67,6.21,5.67,5.31,4.65,3.84,3.34,5.13
29.25,71.75,3.61,4.47,5.25,5.99,6.53,6.67,6.21,5.67,5.31,4.65,3.84,3.34,5.13
29.25,72.25,3.51,4.26,4.97,5.73,6.19,6.36,5.72,5.47,5.15,4.61,3.83,3.26,4.92
29.25,72.75,3.51,4.26,4.97,5.73,6.19,6.36,5.72,5.47,5.15,4.61,3.83,3.26,4.92
29.25,73.25,3.51,4.24,5.03,5.78,6.17,6.28,5.6,5.38,5.12,4.57,3.81,3.22,4.89
29.25,73.75,3.51,4.24,5.03,5.78,6.17,6.28,5.6,5.38,5.12,4.57,3.81,3.22,4.89
29.25,74.25,3.47,4.23,5.18,5.91,6.27,6.23,5.52,5.3,5.03,4.56,3.8,3.22,4.89
29.25,74.75,3.47,4.23,5.18,5.91,6.27,6.23,5.52,5.3,5.03,4.56,3.8,3.22,4.89
29.25,75.25,3.49,4.28,5.34,6.01,6.53,6.37,5.69,5.38,5.1,4.58,3.84,3.26,4.99
29.25,75.75,3.49,4.28,5.34,6.01,6.53,6.37,5.69,5.38,5.1,4.58,3.84,3.26,4.99
29.25,76.25,3.58,4.39,5.59,6.1,6.4,6.2,5.5,5.14,5.23,4.71,4.02,3.36,5.02
29.25,76.75,3.58,4.39,5.59,6.1,6.4,6.2,5.5,5.14,5.23,4.71,4.02,3.36,5.02
29.25,77.25,3.68,4.56,5.8,6.84,7.31,6.71,5.57,4.93,5.25,5.05,4.26,3.54,5.29
29.25,77.75,3.68,4.56,5.8,6.84,7.31,6.71,5.57,4.93,5.25,5.05,4.26,3.54,5.29
29.25,78.25,3.72,4.77,5.96,7.05,7.59,6.84,5.49,4.82,5.22,5.28,4.47,3.64,5.4
29.75,60.25,3.67,4.56,5.26,6.24,6.79,6.96,6.84,6.57,5.89,4.98,3.95,3.33,5.42
29.75,60.75,3.67,4.56,5.26,6.24,6.79,6.96,6.84,6.57,5.89,4.98,3.95,3.33,5.42
29.75,61.25,3.59,4.45,5.06,5.99,6.63,6.92,6.83,6.51,5.78,4.83,3.79,3.26,5.3
29.75,61.75,3.59,4.45,5.06,5.99,6.63,6.92,6.83,6.51,5.78,4.83,3.79,3.26,5.3
29.75,62.25,3.57,4.43,5.04,6.13,6.73,7.0,6.65,6.52,6.03,5.02,3.84,3.25,5.35
29.75,62.75,3.57,4.43,5.04,6.13,6.73,7.0,6.65,6.52,6.03,5.02,3.84,3.25,5.35
29.75,63.25,3.61,4.48,5.23,6.37,7.07,7.38,7.09,6.71,6.14,5.09,3.84,3.24,5.52
29.75,63.75,3.61,4.48,5.23,6.37,7.07,7.38,7.09,6.71,6.14,5.09,3.84,3.24,5.52
29.75,64.25,3.74,4.59,5.24,6.34,6.84,6.99,6.77,6.45,6.06,5.16,4.01,3.42,5.47
29.75,64.75,3.74,4.59,5.24,6.34,6.84,6.99,6.77,6.45,6.06,5.16,4.01,3.42,5.47
29.75,65.25,3.5,4.36,5.08,6.4,7.16,7.51,7.08,6.67,6.12,5.0,3.76,3.21,5.49
29.75,65.75,3.5,4.36,5.08,6.4,7.16,7.51,7.08,6.67,6.12,5.0,3.76,3.21,5.49
29.75,66.25,3.63,4.4,5.19,6.48,7.13,7.41,6.97,6.56,6.0,5.08,3.99,3.39,5.52
29.75,66.75,3.63,4.4,5.19,6.48,7.13,7.41,6.97,6.56,6.0,5.08,3.99,3.39,5.52
29.75,67.25,3.59,4.34,4.96,6.15,6.72,6.92,6.43,6.02,5.65,4.78,3.91,3.29,5.23
29.75,67.75,3.59,4.34,4.96,6.15,6.72,6.92,6.43,6.02,5.65,4.78,3.91,3.29,5.23
29.75,68.25,3.62,4.4,5.07,6.29,7.05,7.3,6.76,6.29,5.78,4.63,3.74,3.25,5.35
29.75,68.75,3.62,4.4,5.07,6.29,7.05,7.3,6.76,6.29,5.78,4.63,3.74,3.25,5.35
29.75,69.25,3.66,4.42,5.09,6.18,6.83,6.92,6.39,5.98,5.47,4.52,3.67,3.27,5.2
29.75,69.75,3.66,4.42,5.09,6.18,6.83,6.92,6.39,5.98,5.47,4.52,3.67,3.27,5.2
29.75,70.25,3.62,4.38,4.98,5.78,6.5,6.58,6.19,5.64,5.12,4.52,3.67,3.31,5.02
29.75,70.75,3.62,4.38,4.98,5.78,6.5,6.58,6.19,5.64,5.12,4.52,3.67,3.31,5.02
29.75,71.25,3.61,4.47,5.25,5.99,6.53,6.67,6.21,5.67,5.31,4.65,3.84,3.34,5.13
29.75,71.75,3.61,4.47,5.25,5.99,6.53,6.67,6.21,5.67,5.31,4.65,3.84,3.34,5.13
29.75,72.25,3.51,4.26,4.97,5.73,6.19,6.36,5.72,5.47,5.15,4.61,3.83,3.26,4.92
29.75,72.75,3.51,4.26,4.97,5.73,6.19,6.36,5.72,5.47,5.15,4.61,3.83,3.26,4.92
29.75,73.25,3.51,4.24,5.03,5.78,6.17,6.28,5.6,5.38,5.12,4.57,3.81,3.22,4.89
29.75,73.75,3.51,4.24,5.03,5.78,6.17,6.28,5.6,5.38,5.12,4.57,3.81,3.22,4.89
29.75,74.25,3.47,4.23,5.18,5.91,6.27,6.23,5.52,5.3,5.03,4.56,3.8,3.22,4.89
29.75,74.75,3.47,4.23,5.18,5.91,6.27,6.23,5.52,5.3,5.03,4.56,3.8,3.22,4.89
29.75,75.25,3.49,4.28,5.34,6.01,6.53,6.37,5.69,5.38,5.1,4.58,3.84,3.26,4.99
29.75,75.75,3.49,4.28,5.34,6.01,6.53,6.37,5.69,5.38,5.1,4.58,3.84,3.26,4.99
29.75,76.25,3.58,4.39,5.59,6.1,6.4,6.2,5.5,5.14,5.23,4.71,4.02,3.36,5.02
29.75,76.75,3.58,4.39,5.59,6.1,6.4,6.2,5.5,5.14,5.23,4.71,4.02,3.36,5.02
29.75,77.25,3.68,4.56,5.8,6.84,7.31,6.71,5.57,4.93,5.25,5.05,4.26,3.54,5.29
29.75,77.75,3.68,4.56,5.8,6.84,7.31,6.71,5.57,4.93,5.25,5.05,4.26,3.54,5.29
29.75,78.25,3.72,4.77,5.96,7.05,7.59,6.84,5.49,4.82,5.22,5.28,4.47,3.64,5.4
30.25,60.25,3.53,4.44,5.15,6.13,6.79,7.02,6.96,6.72,5.99,4.88,3.87,3.19,5.39
30.25,60.75,3.53,4.44,5.15,6.13,6.79,7.02,6.96,6.72,5.99,4.88,3.87,3.19,5.39
30.25,61.25,3.38,4.21,4.82,5.86,6.62,7.0,6.73,6.48,5.77,4.72,3.6,2.98,5.18
30.25,61.75,3.38,4.21,4.82,5.86,6.62,7.0,6.73,6.48,5.77,4.72,3.6,2.98,5.18
30.25,62.25,3.5,4.45,5.02,6.08,6.75,7.1,6.75,6.44,5.82,4.81,3.64,3.1,5.29
30.25,62.75,3.5,4.45,5.02,6.08,6.75,7.1,6.75,6.44,5.82,4.81,3.64,3.1,5.29
30.25,63.25,3.62,4.53,5.27,6.26,6.94,7.19,6.85,6.62,6.1,5.09,3.85,3.17,5.46
30.25,63.75,3.62,4.53,5.27,6.26,6.94,7.19,6.85,6.62,6.1,5.09,3.85,3.17,5.46
30.25,64.25,3.64,4.58,5.38,6.29,6.88,7.16,6.81,6.55,6.12,5.17,3.9,3.25,5.48
30.25,64.75,3.64,4.58,5.38,6.29,6.88,7.16,6.81,6.55,6.12,5.17,3.9,3.25,5.48
30.25,65.25,3.63,4.58,5.39,6.23,6.92,7.26,6.85,6.54,6.01,5.23,3.96,3.31,5.49
30.25,65.75,3.63,4.58,5.39,6.23,6.92,7.26,6.85,6.54,6.01,5.23,3.96,3.31,5.49
30.25,66.25,3.57,4.48,5.36,6.41,7.2,7.6,7.17,6.72,6.08,5.03,3.91,3.3,5.57
30.25,66.75,3.57,4.48,5.36,6.41,7.2,7.6,7.17,6.72,6.08,5.03,3.91,3.3,5.57
30.25,67.25,3.61,4.46,5.34,6.23,6.94,7.14,6.67,6.21,5.76,4.99,4.08,3.42,5.4
30.25,67.75,3.61,4.46,5.34,6.23,6.94,7.14,6.67,6.21,5.76,4.99,4.08,3.42,5.4
30.25,68.25,3.65,4.56,5.25,5.99,6.75,6.83,6.41,5.95,5.62,4.91,3.98,3.46,5.28
30.25,68.75,3.65,4.56,5.25,5.99,6.75,6.83,6.41,5.95,5.62,4.91,3.98,3.46,5.28
30.25,69.25,3.79,4.62,5.25,5.69,6.46,6.57,6.1,5.77,5.39,4.78,3.87,3.43,5.14
30.25,69.75,3.79,4.62,5.25,5.69,6.46,6.57,6.1,5.77,5.39,4.78,3.87,3.43,5.14
30.25,70.25,3.59,4.33,5.02,5.65,6.18,6.1,5.7,5.45,5.23,4.75,3.86,3.32,4.93
30.25,70.75,3.59,4.33,5.02,5.65,6.18,6.1,5.7,5.45,5.23,4.75,3.86,3.32,4.93
30.25,71.25,3.44,4.22,4.99,5.78,6.19,6.36,5.76,5.44,5.21,4.69,3.79,3.19,4.92
30.25,71.75,3.44,4.22,4.99,5.78,6.19,6.36,5.76,5.44,5.21,4.69,3.79,3.19,4.92
30.25,72.25,3.41,4.28,5.13,6.05,6.34,6.41,5.78,5.54,5.36,4.76,3.88,3.23,5.01
30.25,72.75,3.41,4.28,5.13,6.05,6.34,6.41,5.78,5.54,5.36,4.76,3.88,3.23,5.01
30.25,73.25,3.36,4.29,5.07,5.94,6.48,6.62,6.0,5.53,5.24,4.59,3.8,3.18,5.01
30.25,73.75,3.36,4.29,5.07,5.94,6.48,6.62,6.0,5.53,5.24,4.59,3.8,3.18,5.01
30.25,74.25,3.43,4.38,5.32,6.15,6.48,6.52,5.83,5.54,5.31,4.76,3.94,3.26,5.08
30.25,74.75,3.43,4.38,5.32,6.15,6.48,6.52,5.83,5.54,5.31,4.76,3.94,3.26,5.08
30.25,75.25,3.5,4.42,5.61,6.6,6.48,6.36,5.95,5.73,5.67,4.92,4.18,3.38,5.23
30.25,75.75,3.5,4.42,5.61,6.6,6.48,6.36,5.95,5.73,5.67,4.92,4.18,3.38,5.23
30.25,76.25,3.57,4.61,5.71,6.81,7.42,7.12,5.89,5.46,5.62,5.29,4.32,3.45,5.44
30.25,76.75,3.57,4.61,5.71,6.81,7.42,7.12,5.89,5.46,5.62,5.29,4.32,3.45,5.44
30.25,77.25,3.66,4.55,5.75,6.92,7.53,6.93,5.65,5.08,5.43,5.4,4.44,3.57,5.41
30.25,77.75,3.66,4.55,5.75,6.92,7.53,6.93,5.65,5.08,5.43,5.4,4.44,3.57,5.41
30.25,78.25,3.75,4.5,5.64,6.76,7.42,6.73,5.36,4.83,5.25,5.42,4.49,3.69,5.32
30.75,60.25,3.53,4.44,5.15,6.13,6.79,7.02,6.96,6.72,5.99,4.88,3.87,3.19,5.39
30.75,60.75,3.53,4.44,5.15,6.13,6.79,7.02,6.96,6.72,5.99,4.88,3.87,3.19,5.39
30.75,61.25,3.38,4.21,4.82,5.86,6.62,7.0,6.73,6.48,5.77,4.72,3.6,2.98,5.18
30.75,61.75,3.38,4.21,4.82,5.86,6.62,7.0,6.73,6.48,5.77,4.72,3.6,2.98,5.18
30.75,62.25,3.5,4.45,5.02,6.08,6.75,7.1,6.75,6.44,5.82,4.81,3.64,3.1,5.29
30.75,62.75,3.5,4.45,5.02,6.08,6.75,7.1,6.75,6.44,5.82,4.81,3.64,3.1,5.29
30.75,63.25,3.62,4.53,5.27,6.26,6.94,7.19,6.85,6.62,6.1,5.09,3.85,3.17,5.46
30.75,63.75,3.62,4.53,5.27,6.26,6.94,7.19,6.85,6.62,6.1,5.09,3.85,3.17,5.46
30.75,64.25,3.64,4.58,5.38,6.29,6.88,7.16,6.81,6.55,6.12,5.17,3.9,3.25,5.48
30.75,64.75,3.64,4.58,5.38,6.29,6.88,7.16,6.81,6.55,6.12,5.17,3.9,3.25,5.48
30.75,65.25,3.63,4.58,5.39,6.23,6.92,7.26,6.85,6.54,6.01,5.23,3.96,3.31,5.49
30.75,65.75,3.63,4.58,5.39,6.23,6.92,7.26,6.85,6.54,6.01,5.23,3.96,3.31,5.49
30.75,66.25,3.57,4.48,5.36,6.41,7.2,7.6,7.17,6.72,6.08,5.03,3.91,3.3,5.57
30.75,66.75,3.57,4.48,5.36,6.41,7.2,7.6,7.17,6.72,6.08,5.03,3.91,3.3,5.57
30.75,67.25,3.61,4.46,5.34,6.23,6.94,7.14,6.67,6.21,5.76,4.99,4.08,3.42,5.4
30.75,67.75,3.61,4.46,5.34,6.23,6.94,7.14,6.67,6.21,5.76,4.99,4.08,3.42,5.4
30.75,68.25,3.65,4.56,5.25,5.99,6.75,6.83,6.41,5.95,5.62,4.91,3.98,3.46,5.28
30.75,68.75,3.65,4.56,5.25,5.99,6.75,6.83,6.41,5.95,5.62,4.91,3.98,3.46,5.28
30.75,69.25,3.79,4.62,5.25,5.69,6.46,6.57,6.1,5.77,5.39,4.78,3.87,3.43,5.14
30.75,69.75,3.79,4.62,5.25,5.69,6.46,6.57,6.1,5.77,5.39,4.78,3.87,3.43,5.14
30.75,70.25,3.59,4.33,5.02,5.65,6.18,6.1,5.7,5.45,5.23,4.75,3.86,3.32,4.93
30.75,70.75,3.59,4.33,5.02,5.65,6.18,6.1,5.7,5.45,5.23,4.75,3.86,3.32,4.93
30.75,71.25,3.44,4.22,4.99,5.78,6.19,6.36,5.76,5.44,5.21,4.69,3.79,3.19,4.92
30.75,71.75,3.44,4.22,4.99,5.78,6.19,6.36,5.76,5.44,5.21,4.69,3.79,3.19,4.92
30.75,72.25,3.41,4.28,5.13,6.05,6.34,6.41,5.78,5.54,5.36,4.76,3.88,3.23,5.01
30.75,72.75,3.41,4.28,5.13,6.05,6.34,6.41,5.78,5.54,5.36,4.76,3.88,3.23,5.01
30.75,73.25,3.36,4.29,5.07,5.94,6.48,6.62,6.0,5.53,5.24,4.59,3.8,3.18,5.01
30.75,73.75,3.36,4.29,5.07,5.94,6.48,6.62,6.0,5.53,5.24,4.59,3.8,3.18,5.01
30.75,74.25,3.43,4.38,5.32,6.15,6.48,6.52,5.83,5.54,5.31,4.76,3.94,3.26,5.08
30.75,74.75,3.43,4.38,5.32,6.15,6.48,6.52,5.83,5.54,5.31,4.76,3.94,3.26,5.08
30.75,75.25,3.5,4.42,5.61,6.6,6.48,6.36,5.95,5.73,5.67,4.92,4.18,3.38,5.23
30.75,75.75,3.5,4.42,5.61,6.6,6.48,6.36,5.95,5.73,5.67,4.92,4.18,3.38,5.23
30.75,76.25,3.57,4.61,5.71,6.81,7.42,7.12,5.89,5.46,5.62,5.29,4.32,3.45,5.44
30.75,76.75,3.57,4.61,5.71,6.81,7.42,7.12,5.89,5.46,5.62,5.29,4.32,3.45,5.44
30.75,77.25,3.66,4.55,5.75,6.92,7.53,6.93,5.65,5.08,5.43,5.4,4.44,3.57,5.41
30.75,77.75,3.66,4.55,5.75,6.92,7.53,6.93,5.65,5.08,5.43,5.4,4.44,3.57,5.41
30.75,78.25,3.75,4.5,5.64,6.76,7.42,6.73,5.36,4.83,5.25,5.42,4.49,3.69,5.32
31.25,60.25,3.41,4.31,5.0,5.93,6.64,7.09,6.88,6.65,5.88,4.7,3.74,3.07,5.28
31.25,60.75,3.41,4.31,5.0,5.93,6.64,7.09,6.88,6.65,5.88,4.7,3.74,3.07,5.28
31.25,61.25,3.33,4.26,4.93,5.96,6.7,7.21,6.9,6.68,5.93,4.8,3.61,2.97,5.27
31.25,61.75,3.33,4.26,4.93,5.96,6.7,7.21,6.9,6.68,5.93,4.8,3.61,2.97,5.27
31.25,62.25,3.36,4.26,4.81,5.94,6.67,7.05,6.74,6.39,5.66,4.56,3.44,2.93,5.15
31.25,62.75,3.36,4.26,4.81,5.94,6.67,7.05,6.74,6.39,5.66,4.56,3.44,2.93,5.15
31.25,63.25,3.49,4.41,5.14,6.06,6.9,7.45,6.94,6.64,5.85,4.84,3.61,3.01,5.36
31.25,63.75,3.49,4.41,5.14,6.06,6.9,7.45,6.94,6.64,5.85,4.84,3.61,3.01,5.36
31.25,64.25,3.5,4.43,5.27,6.08,6.86,7.28,6.89,6.52,5.76,4.94,3.71,3.08,5.36
31.25,64.75,3.5,4.43,5.27,6.08,6.86,7.28,6.89,6.52,5.76,4.94,3.71,3.08,5.36
31.25,65.25,3.5,4.42,5.3,6.21,6.92,7.29,6.85,6.47,5.67,4.95,3.71,3.17,5.37
31.25,65.75,3.5,4.42,5.3,6.21,6.92,7.29,6.85,6.47,5.67,4.95,3.71,3.17,5.37
31.25,66.25,3.45,4.37,5.3,6.36,7.14,7.57,7.25,6.7,5.92,4.83,3.77,3.17,5.49
31.25,66.75,3.45,4.37,5.3,6.36,7.14,7.57,7.25,6.7,5.92,4.83,3.77,3.17,5.49
31.25,67.25,3.45,4.41,5.4,6.36,7.02,7.15,6.84,6.29,5.97,5.06,4.1,3.33,5.45
31.25,67.75,3.45,4.41,5.4,6.36,7.02,7.15,6.84,6.29,5.97,5.06,4.1,3.33,5.45
31.25,68.25,3.53,4.49,5.36,6.08,6.79,6.85,6.55,6.07,5.78,4.96,3.99,3.36,5.32
31.25,68.75,3.53,4.49,5.36,6.08,6.79,6.85,6.55,6.07,5.78,4.96,3.99,3.36,5.32
31.25,69.25,3.62,4.49,5.15,5.83,6.6,6.65,6.28,5.89,5.53,4.84,3.85,3.37,5.17
31.25,69.75,3.62,4.49,5.15,5.83,6.6,6.65,6.28,5.89,5.53,4.84,3.85,3.37,5.17
31.25,70.25,3.48,4.22,4.94,5.54,6.22,6.32,5.8,5.38,5.05,4.5,3.63,3.2,4.86
31.25,70.75,3.48,4.22,4.94,5.54,6.22,6.32,5.8,5.38,5.05,4.5,3.63,3.2,4.86
31.25,71.25,3.44,4.35,5.13,5.76,6.21,6.35,5.79,5.56,5.23,4.53,3.67,3.13,4.93
31.25,71.75,3.44,4.35,5.13,5.76,6.21,6.35,5.79,5.56,5.23,4.53,3.67,3.13,4.93
31.25,72.25,3.35,4.29,5.12,5.84,6.78,6.92,6.19,5.67,5.16,4.33,3.53,3.09,5.02
31.25,72.75,3.35,4.29,5.12,5.84,6.78,6.92,6.19,5.67,5.16,4.33,3.53,3.09,5.02
31.25,73.25,3.25,4.19,5.1,6.01,6.71,6.65,5.99,5.6,5.37,4.65,3.73,3.14,5.03
31.25,73.75,3.25,4.19,5.1,6.01,6.71,6.65,5.99,5.6,5.37,4.65,3.73,3.14,5.03
31.25,74.25,3.31,4.31,5.41,6.53,7.34,7.26,6.14,5.69,5.58,5.04,4.01,3.24,5.32
31.25,74.75,3.31,4.31,5.41,6.53,7.34,7.26,6.14,5.69,5.58,5.04,4.01,3.24,5.32
31.25,75.25,3.36,4.36,5.44,6.75,7.42,7.32,6.02,5.59,5.67,5.27,4.19,3.3,5.39
31.25,75.75,3.36,4.36,5.44,6.75,7.42,7.32,6.02,5.59,5.67,5.27,4.19,3.3,5.39
31.25,76.25,3.41,4.31,5.45,6.68,7.43,7.17,5.68,5.29,5.55,5.3,4.23,3.36,5.32
31.25,76.75,3.41,4.31,5.45,6.68,7.43,7.17,5.68,5.29,5.55,5.3,4.23,3.36,5.32
31.25,77.25,3.58,4.26,5.38,6.49,7.21,6.87,5.59,5.15,5.41,5.41,4.42,3.52,5.27
31.25,77.75,3.58,4.26,5.38,6.49,7.21,6.87,5.59,5.15,5.41,5.41,4.42,3.52,5.27
31.25,78.25,2.85,3.37,4.28,5.1,6.03,6.1,5.65,5.3,5.19,4.88,3.86,2.95,4.63
31.75,60.25,3.41,4.31,5.0,5.93,6.64,7.09,6.88,6.65,5.88,4.7,3.74,3.07,5.28
31.75,60.75,3.41,4.31,5.0,5.93,6.64,7.09,6.88,6.65,5.88,4.7,3.74,3.07,5.28
31.75,61.25,3.33,4.26,4.93,5.96,6.7,7.21,6.9,6.68,5.93,4.8,3.61,2.97,5.27
31.75,61.75,3.33,4.26,4.93,5.96,6.7,7.21,6.9,6.68,5.93,4.8,3.61,2.97,5.27
31.75,62.25,3.36,4.26,4.81,5.94,6.67,7.05,6.74,6.39,5.66,4.56,3.44,2.93,5.15
31.75,62.75,3.36,4.26,4.81,5.94,6.67,7.05,6.74,6.39,5.66,4.56,3.44,2.93,5.15
31.75,63.25,3.49,4.41,5.14,6.06,6.9,7.45,6.94,6.64,5.85,4.84,3.61,3.01,5.36
31.75,63.75,3.49,4.41,5.14,6.06,6.9,7.45,6.94,6.64,5.85,4.84,3.61,3.01,5.36
31.75,64.25,3.5,4.43,5.27,6.08,6.86,7.28,6.89,6.52,5.76,4.94,3.71,3.08,5.36
31.75,64.75,3.5,4.43,5.27,6.08,6.86,7.28,6.89,6.52,5.76,4.94,3.71,3.08,5.36
31.75,65.25,3.5,4.42,5.3,6.21,6.92,7.29,6.85,6.47,5.67,4.95,3.71,3.17,5.37
31.75,65.75,3.5,4.42,5.3,6.21,6.92,7.29,6.85,6.47,5.67,4.95,3.71,3.17,5.37
31.75,66.25,3.45,4.37,5.3,6.36,7.14,7.57,7.25,6.7,5.92,4.83,3.77,3.17,5.49
31.75,66.75,3.45,4.37,5.3,6.36,7.14,7.57,7.25,6.7,5.92,4.83,3.77,3.17,5.49
31.75,67.25,3.45,4.41,5.4,6.36,7.02,7.15,6.84,6.29,5.97,5.06,4.1,3.33,5.45
31.75,67.75,3.45,4.41,5.4,6.36,7.02,7.15,6.84,6.29,5.97,5.06,4.1,3.33,5.45
31.75,68.25,3.53,4.49,5.36,6.08,6.79,6.85,6.55,6.07,5.78,4.96,3.99,3.36,5.32
31.75,68.75,3.53,4.49,5.36,6.08,6.79,6.85,6.55,6.07,5.78,4.96,3.99,3.36,5.32
31.75,69.25,3.62,4.49,5.15,5.83,6.6,6.65,6.28,5.89,5.53,4.84,3.85,3.37,5.17
31.75,69.75,3.62,4.49,5.15,5.83,6.6,6.65,6.28,5.89,5.53,4.84,3.85,3.37,5.17
31.75,70.25,3.48,4.22,4.94,5.54,6.22,6.32,5.8,5.38,5.05,4.5,3.63,3.2,4.86
31.75,70.75,3.48,4.22,4.94,5.54,6.22,6.32,5.8,5.38,5.05,4.5,3.63,3.2,4.86
31.75,71.25,3.44,4.35,5.13,5.76,6.21,6.35,5.79,5.56,5.23,4.53,3.67,3.13,4.93
31.75,71.75,3.44,4.35,5.13,5.76,6.21,6.35,5.79,5.56,5.23,4.53,3.67,3.13,4.93
31.75,72.25,3.35,4.29,5.12,5.84,6.78,6.92,6.19,5.67,5.16,4.33,3.53,3.09,5.02
31.75,72.75,3.35,4.29,5.12,5.84,6.78,6.92,6.19,5.67,5.16,4.33,3.53,3.09,5.02
31.75,73.25,3.25,4.19,5.1,6.01,6.71,6.65,5.99,5.6,5.37,4.65,3.73,3.14,5.03
31.75,73.75,3.25,4.19,5.1,6.01,6.71,6.65,5.99,5.6,5.37,4.65,3.73,3.14,5.03
31.75,74.25,3.31,4.31,5.41,6.53,7.34,7.26,6.14,5.69,5.58,5.04,4.01,3.24,5.32
31.75,74.75,3.31,4.31,5.41,6.53,7.34,7.26,6.14,5.69,5.58,5.04,4.01,3.24,5.32
31.75,75.25,3.36,4.36,5.44,6.75,7.42,7.32,6.02,5.59,5.67,5.27,4.19,3.3,5.39
31.75,75.75,3.36,4.36,5.44,6.75,7.42,7.32,6.02,5.59,5.67,5.27,4.19,3.3,5.39
31.75,76.25,3.41,4.31,5.45,6.68,7.43,7.17,5.68,5.29,5.55,5.3,4.23,3.36,5.32
31.75,76.75,3.41,4.31,5.45,6.68,7.43,7.17,5.68,5.29,5.55,5.3,4.23,3.36,5.32
31.75,77.25,3.58,4.26,5.38,6.49,7.21,6.87,5.59,5.15,5.41,5.41,4.42,3.52,5.27
31.75,77.75,3.58,4.26,5.38,6.49,7.21,6.87,5.59,5.15,5.41,5.41,4.42,3.52,5.27
31.75,78.25,2.85,3.37,4.28,5.1,6.03,6.1,5.65,5.3,5.19,4.88,3.86,2.95,4.63
32.25,60.25,3.24,4.09,4.9,5.69,6.45,6.97,6.93,6.7,5.79,4.63,3.52,2.96,5.16
32.25,60.75,3.24,4.09,4.9,5.69,6.45,6.97,6.93,6.7,5.79,4.63,3.52,2.96,5.16
32.25,61.25,3.32,4.18,5.02,6.01,6.78,7.33,6.98,6.69,5.84,4.66,3.52,2.91,5.27
32.25,61.75,3.32,4.18,5.02,6.01,6.78,7.33,6.98,6.69,5.84,4.66,3.52,2.91,5.27
32.25,62.25,3.34,4.25,5.09,6.22,6.98,7.54,7.19,6.74,5.7,4.62,3.47,2.93,5.34
32.25,62.75,3.34,4.25,5.09,6.22,6.98,7.54,7.19,6.74,5.7,4.62,3.47,2.93,5.34
32.25,63.25,3.36,4.28,5.15,6.29,7.07,7.5,7.15,6.69,5.8,4.79,3.54,2.99,5.38
32.25,63.75,3.36,4.28,5.15,6.29,7.07,7.5,7.15,6.69,5.8,4.79,3.54,2.99,5.38
32.25,64.25,3.28,4.22,5.12,6.21,7.15,7.44,7.08,6.62,5.87,4.97,3.69,3.03,5.39
32.25,64.75,3.28,4.22,5.12,6.21,7.15,7.44,7.08,6.62,5.87,4.97,3.69,3.03,5.39
32.25,65.25,3.4,4.34,5.25,6.42,7.24,7.38,7.1,6.62,5.73,4.9,3.76,3.11,5.44
32.25,65.75,3.4,4.34,5.25,6.42,7.24,7.38,7.1,6.62,5.73,4.9,3.76,3.11,5.44
32.25,66.25,3.36,4.26,5.22,6.43,7.32,7.45,7.01,6.54,5.9,5.09,3.91,3.14,5.47
32.25,66.75,3.36,4.26,5.22,6.43,7.32,7.45,7.01,6.54,5.9,5.09,3.91,3.14,5.47
32.25,67.25,3.17,4.08,5.13,6.41,7.31,7.36,6.93,6.34,5.88,5.04,3.96,3.14,5.4
32.25,67.75,3.17,4.08,5.13,6.41,7.31,7.36,6.93,6.34,5.88,5.04,3.96,3.14,5.4
32.25,68.25,3.16,4.03,5.27,6.61,6.98,7.85,6.95,6.51,5.73,4.99,3.98,3.23,5.44
32.25,68.75,3.16,4.03,5.27,6.61,6.98,7.85,6.95,6.51,5.73,4.99,3.98,3.23,5.44
32.25,69.25,3.35,4.21,5.11,6.31,7.02,7.38,6.55,6.14,5.69,5.0,3.99,3.26,5.33
32.25,69.75,3.35,4.21,5.11,6.31,7.02,7.38,6.55,6.14,5.69,5.0,3.99,3.26,5.33
32.25,70.25,3.34,4.09,4.89,6.04,6.46,6.72,5.8,5.51,5.15,4.67,3.81,3.15,4.97
32.25,70.75,3.34,4.09,4.89,6.04,6.46,6.72,5.8,5.51,5.15,4.67,3.81,3.15,4.97
32.25,71.25,3.3,4.16,5.09,6.21,6.37,7.1,6.2,5.8,5.21,4.6,3.69,3.08,5.07
32.25,71.75,3.3,4.16,5.09,6.21,6.37,7.1,6.2,5.8,5.21,4.6,3.69,3.08,5.07
32.25,72.25,3.26,4.13,5.08,6.24,7.12,7.14,6.01,5.56,5.19,4.64,3.76,3.08,5.1
32.25,72.75,3.26,4.13,5.08,6.24,7.12,7.14,6.01,5.56,5.19,4.64,3.76,3.08,5.1
32.25,73.25,3.21,4.13,5.18,6.43,7.32,7.35,5.88,5.64,5.47,4.93,3.92,3.12,5.21
32.25,73.75,3.21,4.13,5.18,6.43,7.32,7.35,5.88,5.64,5.47,4.93,3.92,3.12,5.21
32.25,74.25,3.2,4.12,5.22,6.51,7.37,7.47,6.15,5.75,5.77,5.19,4.03,3.15,5.33
32.25,74.75,3.2,4.12,5.22,6.51,7.37,7.47,6.15,5.75,5.77,5.19,4.03,3.15,5.33
32.25,75.25,3.25,4.15,5.22,6.55,7.32,7.33,5.86,5.48,5.75,5.29,4.13,3.18,5.29
32.25,75.75,3.25,4.15,5.22,6.55,7.32,7.33,5.86,5.48,5.75,5.29,4.13,3.18,5.29
32.25,76.25,3.23,3.84,4.98,6.02,6.85,6.87,5.66,5.22,5.4,5.16,4.11,3.21,5.05
32.25,76.75,3.23,3.84,4.98,6.02,6.85,6.87,5.66,5.22,5.4,5.16,4.11,3.21,5.05
32.25,77.25,2.67,3.29,4.23,5.05,5.8,6.33,6.01,5.53,5.19,4.67,3.55,2.66,4.58
32.25,77.75,2.67,3.29,4.23,5.05,5.8,6.33,6.01,5.53,5.19,4.67,3.55,2.66,4.58
32.25,78.25,3.17,3.86,4.66,5.44,6.42,7.02,6.67,6.15,5.82,5.1,3.85,2.99,5.1
32.75,60.25,3.24,4.09,4.9,5.69,6.45,6.97,6.93,6.7,5.79,4.63,3.52,2.96,5.16
32.75,60.75,3.24,4.09,4.9,5.69,6.45,6.97,6.93,6.7,5.79,4.63,3.52,2.96,5.16
32.75,61.25,3.32,4.18,5.02,6.01,6.78,7.33,6.98,6.69,5.84,4.66,3.52,2.91,5.27
32.75,61.75,3.32,4.18,5.02,6.01,6.78,7.33,6.98,6.69,5.84,4.66,3.52,2.91,5.27
32.75,62.25,3.34,4.25,5.09,6.22,6.98,7.54,7.19,6.74,5.7,4.62,3.47,2.93,5.34
32.75,62.75,3.34,4.25,5.09,6.22,6.98,7.54,7.19,6.74,5.7,4.62,3.47,2.93,5.34
32.75,63.25,3.36,4.28,5.15,6.29,7.07,7.5,7.15,6.69,5.8,4.79,3.54,2.99,5.38
32.75,63.75,3.36,4.28,5.15,6.29,7.07,7.5,7.15,6.69,5.8,4.79,3.54,2.99,5.38
32.75,64.25,3.28,4.22,5.12,6.21,7.15,7.44,7.08,6.62,5.87,4.97,3.69,3.03,5.39
32.75,64.75,3.28,4.22,5.12,6.21,7.15,7.44,7.08,6.62,5.87,4.97,3.69,3.03,5.39
32.75,65.25,3.4,4.34,5.25,6.42,7.24,7.38,7.1,6.62,5.73,4.9,3.76,3.11,5.44
32.75,65.75,3.4,4.34,5.25,6.42,7.24,7.38,7.1,6.62,5.73,4.9,3.76,3.11,5.44
32.75,66.25,3.36,4.26,5.22,6.43,7.32,7.45,7.01,6.54,5.9,5.09,3.91,3.14,5.47
32.75,66.75,3.36,4.26,5.22,6.43,7.32,7.45,7.01,6.54,5.9,5.09,3.91,3.14,5.47
32.75,67.25,3.17,4.08,5.13,6.41,7.31,7.36,6.93,6.34,5.88,5.04,3.96,3.14,5.4
32.75,67.75,3.17,4.08,5.13,6.41,7.31,7.36,6.93,6.34,5.88,5.04,3.96,3.14,5.4
32.75,68.25,3.16,4.03,5.27,6.61,6.98,7.85,6.95,6.51,5.73,4.99,3.98,3.23,5.44
32.75,68.75,3.16,4.03,5.27,6.61,6.98,7.85,6.95,6.51,5.73,4.99,3.98,3.23,5.44
32.75,69.25,3.35,4.21,5.11,6.31,7.02,7.38,6.55,6.14,5.69,5.0,3.99,3.26,5.33
32.75,69.75,3.35,4.21,5.11,6.31,7.02,7.38,6.55,6.14,5.69,5.0,3.99,3.26,5.33
32.75,70.25,3.34,4.09,4.89,6.04,6.46,6.72,5.8,5.51,5.15,4.67,3.81,3.15,4.97
32.75,70.75,3.34,4.09,4.89,6.04,6.46,6.72,5.8,5.51,5.15,4.67,3.81,3.15,4.97
32.75,71.25,3.3,4.16,5.09,6.21,6.37,7.1,6.2,5.8,5.21,4.6,3.69,3.08,5.07
32.75,71.75,3.3,4.16,5.09,6.21,6.37,7.1,6.2,5.8,5.21,4.6,3.69,3.08,5.07
32.75,72.25,3.26,4.13,5.08,6.24,7.12,7.14,6.01,5.56,5.19,4.64,3.76,3.08,5.1
32.75,72.75,3.26,4.13,5.08,6.24,7.12,7.14,6.01,5.56,5.19,4.64,3.76,3.08,5.1
32.75,73.25,3.21,4.13,5.18,6.43,7.32,7.35,5.88,5.64,5.47,4.93,3.92,3.12,5.21
32.75,73.75,3.21,4.13,5.18,6.43,7.32,7.35,5.88,5.64,5.47,4.93,3.92,3.12,5.21
32.75,74.25,3.2,4.12,5.22,6.51,7.37,7.47,6.15,5.75,5.77,5.19,4.03,3.15,5.33
32.75,74.75,3.2,4.12,5.22,6.51,7.37,7.47,6.15,5.75,5.77,5.19,4.03,3.15,5.33
32.75,75.25,3.25,4.15,5.22,6.55,7.32,7.33,5.86,5.48,5.75,5.29,4.13,3.18,5.29
32.75,75.75,3.25,4.15,5.22,6.55,7.32,7.33,5.86,5.48,5.75,5.29,4.13,3.18,5.29
32.75,76.25,3.23,3.84,4.98,6.02,6.85,6.87,5.66,5.22,5.4,5.16,4.11,3.21,5.05
32.75,76.75,3.23,3.84,4.98,6.02,6.85,6.87,5.66,5.22,5.4,5.16,4.11,3.21,5.05
32.75,77.25,2.67,3.29,4.23,5.05,5.8,6.33,6.01,5.53,5.19,4.67,3.55,2.66,4.58
32.75,77.75,2.67,3.29,4.23,5.05,5.8,6.33,6.01,5.53,5.19,4.67,3.55,2.66,4.58
32.75,78.25,3.17,3.86,4.66,5.44,6.42,7.02,6.67,6.15,5.82,5.1,3.85,2.99,5.1
33.25,60.25,3.04,3.79,4.73,5.61,6.58,7.19,7.04,6.67,5.66,4.5,3.24,2.71,5.06
33.25,60.75,3.04,3.79,4.73,5.61,6.58,7.19,7.04,6.67,5.66,4.5,3.24,2.71,5.06
33.25,61.25,3.12,4.0,4.93,5.96,6.89,7.52,7.3,6.8,5.83,4.64,3.39,2.73,5.26
33.25,61.75,3.12,4.0,4.93,5.96,6.89,7.52,7.3,6.8,5.83,4.64,3.39,2.73,5.26
33.25,62.25,3.14,4.08,5.02,6.08,6.97,7.51,7.22,6.79,5.97,4.79,3.51,2.82,5.33
33.25,62.75,3.14,4.08,5.02,6.08,6.97,7.51,7.22,6.79,5.97,4.79,3.51,2.82,5.33
33.25,63.25,2.92,3.77,4.74,6.07,7.2,7.58,7.36,6.85,6.09,4.92,3.54,2.81,5.32
33.25,63.75,2.92,3.77,4.74,6.07,7.2,7.58,7.36,6.85,6.09,4.92,3.54,2.81,5.32
33.25,64.25,2.95,3.78,4.67,5.98,7.11,7.58,7.29,6.77,6.01,4.94,3.61,2.84,5.29
33.25,64.75,2.95,3.78,4.67,5.98,7.11,7.58,7.29,6.77,6.01,4.94,3.61,2.84,5.29
33.25,65.25,2.91,3.74,4.66,5.95,7.13,7.53,7.27,6.78,6.04,5.05,3.72,2.78,5.3
33.25,65.75,2.91,3.74,4.66,5.95,7.13,7.53,7.27,6.78,6.04,5.05,3.72,2.78,5.3
33.25,66.25,3.08,3.9,4.8,6.11,7.39,7.87,7.38,6.88,6.19,5.16,3.83,2.9,5.46
33.25,66.75,3.08,3.9,4.8,6.11,7.39,7.87,7.38,6.88,6.19,5.16,3.83,2.9,5.46
33.25,67.25,3.0,3.75,4.47,5.87,7.38,7.83,7.3,6.74,6.22,5.2,3.83,2.84,5.37
33.25,67.75,3.0,3.75,4.47,5.87,7.38,7.83,7.3,6.74,6.22,5.2,3.83,2.84,5.37
33.25,68.25,3.01,3.77,4.65,5.91,7.31,7.75,6.9,6.37,5.71,4.94,3.79,2.87,5.25
33.25,68.75,3.01,3.77,4.65,5.91,7.31,7.75,6.9,6.37,5.71,4.94,3.79,2.87,5.25
33.25,69.25,3.07,3.82,4.83,6.09,7.34,7.8,7.12,6.29,5.6,4.89,3.82,2.98,5.3
33.25,69.75,3.07,3.82,4.83,6.09,7.34,7.8,7.12,6.29,5.6,4.89,3.82,2.98,5.3
33.25,70.25,3.24,3.96,4.84,5.85,6.87,7.19,6.55,5.97,5.53,4.89,3.85,3.04,5.15
33.25,70.75,3.24,3.96,4.84,5.85,6.87,7.19,6.55,5.97,5.53,4.89,3.85,3.04,5.15
33.25,71.25,3.18,3.89,4.74,5.92,6.86,6.96,6.12,5.64,5.33,4.86,3.79,2.98,5.02
33.25,71.75,3.18,3.89,4.74,5.92,6.86,6.96,6.12,5.64,5.33,4.86,3.79,2.98,5.02
33.25,72.25,3.19,3.92,4.87,6.22,7.16,7.43,6.48,5.75,5.51,4.93,3.84,2.97,5.19
33.25,72.75,3.19,3.92,4.87,6.22,7.16,7.43,6.48,5.75,5.51,4.93,3.84,2.97,5.19
33.25,73.25,3.18,3.87,4.95,6.31,7.27,7.54,6.44,5.72,5.69,5.07,3.89,2.99,5.24
33.25,73.75,3.18,3.87,4.95,6.31,7.27,7.54,6.44,5.72,5.69,5.07,3.89,2.99,5.24
33.25,74.25,3.11,3.77,4.87,6.12,7.01,7.21,6.17,5.62,5.73,5.05,3.9,3.01,5.13
33.25,74.75,3.11,3.77,4.87,6.12,7.01,7.21,6.17,5.62,5.73,5.05,3.9,3.01,5.13
33.25,75.25,2.79,3.35,4.34,5.39,6.25,6.7,5.88,5.46,5.45,4.85,3.74,2.82,4.75
33.25,75.75,2.79,3.35,4.34,5.39,6.25,6.7,5.88,5.46,5.45,4.85,3.74,2.82,4.75
33.25,76.25,2.59,3.2,4.04,4.88,5.83,6.49,6.1,5.76,5.35,4.58,3.41,2.57,4.57
33.25,76.75,2.59,3.2,4.04,4.88,5.83,6.49,6.1,5.76,5.35,4.58,3.41,2.57,4.57
33.25,77.25,3.01,3.74,4.58,5.52,6.34,7.08,6.72,6.23,5.75,4.95,3.71,2.87,5.04
33.25,77.75,3.01,3.74,4.58,5.52,6.34,7.08,6.72,6.23,5.75,4.95,3.71,2.87,5.04
33.25,78.25,3.27,4.0,4.89,5.85,6.81,7.37,6.86,6.31,5.94,5.14,3.91,3.11,5.29
33.75,60.25,3.04,3.79,4.73,5.61,6.58,7.19,7.04,6.67,5.66,4.5,3.24,2.71,5.06
33.75,60.75,3.04,3.79,4.73,5.61,6.58,7.19,7.04,6.67,5.66,4.5,3.24,2.71,5.06
33.75,61.25,3.12,4.0,4.93,5.96,6.89,7.52,7.3,6.8,5.83,4.64,3.39,2.73,5.26
33.75,61.75,3.12,4.0,4.93,5.96,6.89,7.52,7.3,6.8,5.83,4.64,3.39,2.73,5.26
33.75,62.25,3.14,4.08,5.02,6.08,6.97,7.51,7.22,6.79,5.97,4.79,3.51,2.82,5.33
33.75,62.75,3.14,4.08,5.02,6.08,6.97,7.51,7.22,6.79,5.97,4.79,3.51,2.82,5.33
33.75,63.25,2.92,3.77,4.74,6.07,7.2,7.58,7.36,6.85,6.09,4.92,3.54,2.81,5.32
33.75,63.75,2.92,3.77,4.74,6.07,7.2,7.58,7.36,6.85,6.09,4.92,3.54,2.81,5.32
33.75,64.25,2.95,3.78,4.67,5.98,7.11,7.58,7.29,6.77,6.01,4.94,3.61,2.84,5.29
33.75,64.75,2.95,3.78,4.67,5.98,7.11,7.58,7.29,6.77,6.01,4.94,3.61,2.84,5.29
33.75,65.25,2.91,3.74,4.66,5.95,7.13,7.53,7.27,6.78,6.04,5.05,3.72,2.78,5.3
33.75,65.75,2.91,3.74,4.66,5.95,7.13,7.53,7.27,6.78,6.04,5.05,3.72,2.78,5.3
33.75,66.25,3.08,3.9,4.8,6.11,7.39,7.87,7.38,6.88,6.19,5.16,3.83,2.9,5.46
33.75,66.75,3.08,3.9,4.8,6.11,7.39,7.87,7.38,6.88,6.19,5.16,3.83,2.9,5.46
33.75,67.25,3.0,3.75,4.47,5.87,7.38,7.83,7.3,6.74,6.22,5.2,3.83,2.84,5.37
33.75,67.75,3.0,3.75,4.47,5.87,7.38,7.83,7.3,6.74,6.22,5.2,3.83,2.84,5.37
33.75,68.25,3.01,3.77,4.65,5.91,7.31,7.75,6.9,6.37,5.71,4.94,3.79,2.87,5.25
33.75,68.75,3.01,3.77,4.65,5.91,7.31,7.75,6.9,6.37,5.71,4.94,3.79,2.87,5.25
33.75,69.25,3.07,3.82,4.83,6.09,7.34,7.8,7.12,6.29,5.6,4.89,3.82,2.98,5.3
33.75,69.75,3.07,3.82,4.83,6.09,7.34,7.8,7.12,6.29,5.6,4.89,3.82,2.98,5.3
33.75,70.25,3.24,3.96,4.84,5.85,6.87,7.19,6.55,5.97,5.53,4.89,3.85,3.04,5.15
33.75,70.75,3.24,3.96,4.84,5.85,6.87,7.19,6.55,5.97,5.53,4.89,3.85,3.04,5.15
33.75,71.25,3.18,3.89,4.74,5.92,6.86,6.96,6.12,5.64,5.33,4.86,3.79,2.98,5.02
33.75,71.75,3.18,3.89,4.74,5.92,6.86,6.96,6.12,5.64,5.33,4.86,3.79,2.98,5.02
33.75,72.25,3.19,3.92,4.87,6.22,7.16,7.43,6.48,5.75,5.51,4.93,3.84,2.97,5.19
33.75,72.75,3.19,3.92,4.87,6.22,7.16,7.43,6.48,5.75,5.51,4.93,3.84,2.97,5.19
33.75,73.25,3.18,3.87,4.95,6.31,7.27,7.54,6.44,5.72,5.69,5.07,3.89,2.99,5.24
33.75,73.75,3.18,3.87,4.95,6.31,7.27,7.54,6.44,5.72,5.69,5.07,3.89,2.99,5.24
33.75,74.25,3.11,3.77,4.87,6.12,7.01,7.21,6.17,5.62,5.73,5.05,3.9,3.01,5.13
33.75,74.75,3.11,3.77,4.87,6.12,7.01,7.21,6.17,5.62,5.73,5.05,3.9,3.01,5.13
33.75,75.25,2.79,3.35,4.34,5.39,6.25,6.7,5.88,5.46,5.45,4.85,3.74,2.82,4.75
33.75,75.75,2.79,3.35,4.34,5.39,6.25,6.7,5.88,5.46,5.45,4.85,3.74,2.82,4.75
33.75,76.25,2.59,3.2,4.04,4.88,5.83,6.49,6.1,5.76,5.35,4.58,3.41,2.57,4.57
33.75,76.75,2.59,3.2,4.04,4.88,5.83,6.49,6.1,5.76,5.35,4.58,3.41,2.57,4.57
33.75,77.25,3.01,3.74,4.58,5.52,6.34,7.08,6.72,6.23,5.75,4.95,3.71,2.87,5.04
33.75,77.75,3.01,3.74,4.58,5.52,6.34,7.08,6.72,6.23,5.75,4.95,3.71,2.87,5.04
33.75,78.25,3.27,4.0,4.89,5.85,6.81,7.37,6.86,6.31,5.94,5.14,3.91,3.11,5.29
34.25,60.25,2.91,3.71,4.61,5.65,6.61,7.18,7.0,6.56,5.53,4.33,3.06,2.56,4.98
34.25,60.75,2.91,3.71,4.61,5.65,6.61,7.18,7.0,6.56,5.53,4.33,3.06,2.56,4.98
34.25,61.25,2.87,3.7,4.67,5.81,6.8,7.48,7.25,6.72,5.74,4.42,3.15,2.54,5.1
34.25,61.75,2.87,3.7,4.67,5.81,6.8,7.48,7.25,6.72,5.74,4.42,3.15,2.54,5.1
34.25,62.25,2.77,3.62,4.57,5.73,6.78,7.31,7.09,6.62,5.8,4.48,3.19,2.53,5.04
34.25,62.75,2.77,3.62,4.57,5.73,6.78,7.31,7.09,6.62,5.8,4.48,3.19,2.53,5.04
34.25,63.25,2.63,3.42,4.38,5.66,6.94,7.43,7.26,6.79,5.97,4.67,3.25,2.51,5.08
34.25,63.75,2.63,3.42,4.38,5.66,6.94,7.43,7.26,6.79,5.97,4.67,3.25,2.51,5.08
34.25,64.25,2.75,3.53,4.43,5.75,7.01,7.59,7.51,6.93,6.11,4.86,3.4,2.59,5.21
34.25,64.75,2.75,3.53,4.43,5.75,7.01,7.59,7.51,6.93,6.11,4.86,3.4,2.59,5.21
34.25,65.25,2.86,3.58,4.47,5.8,6.92,7.48,7.43,6.84,6.11,4.96,3.54,2.62,5.22
34.25,65.75,2.86,3.58,4.47,5.8,6.92,7.48,7.43,6.84,6.11,4.96,3.54,2.62,5.22
34.25,66.25,2.78,3.62,4.26,5.48,6.96,7.79,7.42,6.77,6.1,4.96,3.48,2.5,5.18
34.25,66.75,2.78,3.62,4.26,5.48,6.96,7.79,7.42,6.77,6.1,4.96,3.48,2.5,5.18
34.25,67.25,2.76,3.48,4.19,5.47,6.99,7.78,7.41,6.8,6.12,4.99,3.51,2.53,5.17
34.25,67.75,2.76,3.48,4.19,5.47,6.99,7.78,7.41,6.8,6.12,4.99,3.51,2.53,5.17
34.25,68.25,2.72,3.47,4.19,5.42,7.01,7.96,7.77,6.87,5.99,4.98,3.59,2.6,5.21
34.25,68.75,2.72,3.47,4.19,5.42,7.01,7.96,7.77,6.87,5.99,4.98,3.59,2.6,5.21
34.25,69.25,2.92,3.61,4.55,5.71,7.06,8.03,7.78,6.76,5.85,4.96,3.66,2.78,5.31
34.25,69.75,2.92,3.61,4.55,5.71,7.06,8.03,7.78,6.76,5.85,4.96,3.66,2.78,5.31
34.25,70.25,3.02,3.67,4.67,5.76,7.04,7.89,7.49,6.53,5.72,4.82,3.61,2.82,5.25
34.25,70.75,3.02,3.67,4.67,5.76,7.04,7.89,7.49,6.53,5.72,4.82,3.61,2.82,5.25
34.25,71.25,3.09,3.79,4.78,5.99,7.07,7.68,6.96,6.19,5.69,4.86,3.72,2.88,5.22
34.25,71.75,3.09,3.79,4.78,5.99,7.07,7.68,6.96,6.19,5.69,4.86,3.72,2.88,5.22
34.25,72.25,3.08,3.77,4.76,6.18,7.31,7.88,6.96,6.21,5.87,5.02,3.76,2.86,5.3
34.25,72.75,3.08,3.77,4.76,6.18,7.31,7.88,6.96,6.21,5.87,5.02,3.76,2.86,5.3
34.25,73.25,2.95,3.57,4.55,5.88,6.99,7.46,6.6,5.94,5.7,4.89,3.69,2.79,5.08
34.25,73.75,2.95,3.57,4.55,5.88,6.99,7.46,6.6,5.94,5.7,4.89,3.69,2.79,5.08
34.25,74.25,2.68,3.23,4.09,5.13,6.05,6.64,6.16,5.67,5.3,4.48,3.48,2.61,4.63
34.25,74.75,2.68,3.23,4.09,5.13,6.05,6.64,6.16,5.67,5.3,4.48,3.48,2.61,4.63
34.25,75.25,2.61,3.24,4.11,5.05,5.94,6.82,6.49,6.02,5.6,4.57,3.41,2.52,4.7
34.25,75.75,2.61,3.24,4.11,5.05,5.94,6.82,6.49,6.02,5.6,4.57,3.41,2.52,4.7
34.25,76.25,2.67,3.33,4.17,5.06,5.95,6.81,6.55,6.04,5.53,4.6,3.42,2.52,4.72
34.25,76.75,2.67,3.33,4.17,5.06,5.95,6.81,6.55,6.04,5.53,4.6,3.42,2.52,4.72
34.25,77.25,2.86,3.54,4.45,5.43,6.19,6.91,6.72,6.14,5.66,4.79,3.61,2.76,4.92
34.25,77.75,2.86,3.54,4.45,5.43,6.19,6.91,6.72,6.14,5.66,4.79,3.61,2.76,4.92
34.25,78.25,2.91,3.64,4.57,5.52,6.19,6.84,6.61,6.07,5.46,4.63,3.5,2.72,4.89
34.75,60.25,2.91,3.71,4.61,5.65,6.61,7.18,7.0,6.56,5.53,4.33,3.06,2.56,4.98
34.75,60.75,2.91,3.71,4.61,5.65,6.61,7.18,7.0,6.56,5.53,4.33,3.06,2.56,4.98
34.75,61.25,2.87,3.7,4.67,5.81,6.8,7.48,7.25,6.72,5.74,4.42,3.15,2.54,5.1
34.75,61.75,2.87,3.7,4.67,5.81,6.8,7.48,7.25,6.72,5.74,4.42,3.15,2.54,5.1
34.75,62.25,2.77,3.62,4.57,5.73,6.78,7.31,7.09,6.62,5.8,4.48,3.19,2.53,5.04
34.75,62.75,2.77,3.62,4.57,5.73,6.78,7.31,7.09,6.62,5.8,4.48,3.19,2.53,5.04
34.75,63.25,2.63,3.42,4.38,5.66,6.94,7.43,7.26,6.79,5.97,4.67,3.25,2.51,5.08
34.75,63.75,2.63,3.42,4.38,5.66,6.94,7.43,7.26,6.79,5.97,4.67,3.25,2.51,5.08
34.75,64.25,2.75,3.53,4.43,5.75,7.01,7.59,7.51,6.93,6.11,4.86,3.4,2.59,5.21
34.75,64.75,2.75,3.53,4.43,5.75,7.01,7.59,7.51,6.93,6.11,4.86,3.4,2.59,5.21
34.75,65.25,2.86,3.58,4.47,5.8,6.92,7.48,7.43,6.84,6.11,4.96,3.54,2.62,5.22
34.75,65.75,2.86,3.58,4.47,5.8,6.92,7.48,7.43,6.84,6.11,4.96,3.54,2.62,5.22
34.75,66.25,2.78,3.62,4.26,5.48,6.96,7.79,7.42,6.77,6.1,4.96,3.48,2.5,5.18
34.75,66.75,2.78,3.62,4.26,5.48,6.96,7.79,7.42,6.77,6.1,4.96,3.48,2.5,5.18
34.75,67.25,2.76,3.48,4.19,5.47,6.99,7.78,7.41,6.8,6.12,4.99,3.51,2.53,5.17
34.75,67.75,2.76,3.48,4.19,5.47,6.99,7.78,7.41,6.8,6.12,4.99,3.51,2.53,5.17
34.75,68.25,2.72,3.47,4.19,5.42,7.01,7.96,7.77,6.87,5.99,4.98,3.59,2.6,5.21
34.75,68.75,2.72,3.47,4.19,5.42,7.01,7.96,7.77,6.87,5.99,4.98,3.59,2.6,5.21
34.75,69.25,2.92,3.61,4.55,5.71,7.06,8.03,7.78,6.76,5.85,4.96,3.66,2.78,5.31
34.75,69.75,2.92,3.61,4.55,5.71,7.06,8.03,7.78,6.76,5.85,4.96,3.66,2.78,5.31
34.75,70.25,3.02,3.67,4.67,5.76,7.04,7.89,7.49,6.53,5.72,4.82,3.61,2.82,5.25
34.75,70.75,3.02,3.67,4.67,5.76,7.04,7.89,7.49,6.53,5.72,4.82,3.61,2.82,5.25
34.75,71.25,3.09,3.79,4.78,5.99,7.07,7.68,6.96,6.19,5.69,4.86,3.72,2.88,5.22
34.75,71.75,3.09,3.79,4.78,5.99,7.07,7.68,6.96,6.19,5.69,4.86,3.72,2.88,5.22
34.75,72.25,3.08,3.77,4.76,6.18,7.31,7.88,6.96,6.21,5.87,5.02,3.76,2.86,5.3
34.75,72.75,3.08,3.77,4.76,6.18,7.31,7.88,6.96,6.21,5.87,5.02,3.76,2.86,5.3
34.75,73.25,2.95,3.57,4.55,5.88,6.99,7.46,6.6,5.94,5.7,4.89,3.69,2.79,5.08
34.75,73.75,2.95,3.57,4.55,5.88,6.99,7.46,6.6,5.94,5.7,4.89,3.69,2.79,5.08
34.75,74.25,2.68,3.23,4.09,5.13,6.05,6.64,6.16,5.67,5.3,4.48,3.48,2.61,4.63
34.75,74.75,2.68,3.23,4.09,5.13,6.05,6.64,6.16,5.67,5.3,4.48,3.48,2.61,4.63
34.75,75.25,2.61,3.24,4.11,5.05,5.94,6.82,6.49,6.02,5.6,4.57,3.41,2.52,4.7
34.75,75.75,2.61,3.24,4.11,5.05,5.94,6.82,6.49,6.02,5.6,4.57,3.41,2.52,4.7
34.75,76.25,2.67,3.33,4.17,5.06,5.95,6.81,6.55,6.04,5.53,4.6,3.42,2.52,4.72
34.75,76.75,2.67,3.33,4.17,5.06,5.95,6.81,6.55,6.04,5.53,4.6,3.42,2.52,4.72
34.75,77.25,2.86,3.54,4.45,5.43,6.19,6.91,6.72,6.14,5.66,4.79,3.61,2.76,4.92
34.75,77.75,2.86,3.54,4.45,5.43,6.19,6.91,6.72,6.14,5.66,4.79,3.61,2.76,4.92
34.75,78.25,2.91,3.64,4.57,5.52,6.19,6.84,6.61,6.07,5.46,4.63,3.5,2.72,4.89
35.25,60.25,2.61,3.37,4.2,5.27,6.35,7.04,6.92,6.47,5.53,4.22,2.96,2.41,4.78
35.25,60.75,2.61,3.37,4.2,5.27,6.35,7.04,6.92,6.47,5.53,4.22,2.96,2.41,4.78
35.25,61.25,2.54,3.28,4.12,5.27,6.42,7.13,7.03,6.48,5.52,4.11,2.87,2.27,4.75
35.25,61.75,2.54,3.28,4.12,5.27,6.42,7.13,7.03,6.48,5.52,4.11,2.87,2.27,4.75
35.25,62.25,2.31,3.08,4.01,5.38,6.54,7.21,7.11,6.64,5.61,4.16,2.85,2.11,4.75
35.25,62.75,2.31,3.08,4.01,5.38,6.54,7.21,7.11,6.64,5.61,4.16,2.85,2.11,4.75
35.25,63.25,2.38,3.21,4.09,5.45,6.82,7.27,7.15,6.63,5.66,4.28,2.91,2.18,4.84
35.25,63.75,2.38,3.21,4.09,5.45,6.82,7.27,7.15,6.63,5.66,4.28,2.91,2.18,4.84
35.25,64.25,2.49,3.31,4.17,5.55,6.77,7.27,7.21,6.53,5.7,4.4,3.05,2.32,4.9
35.25,64.75,2.49,3.31,4.17,5.55,6.77,7.27,7.21,6.53,5.7,4.4,3.05,2.32,4.9
35.25,65.25,2.56,3.32,4.2,5.57,6.74,7.41,7.33,6.67,5.73,4.57,3.12,2.38,4.97
35.25,65.75,2.56,3.32,4.2,5.57,6.74,7.41,7.33,6.67,5.73,4.57,3.12,2.38,4.97
35.25,66.25,2.38,3.12,3.8,5.05,6.45,7.46,7.33,6.76,5.86,4.56,3.08,2.21,4.84
35.25,66.75,2.38,3.12,3.8,5.05,6.45,7.46,7.33,6.76,5.86,4.56,3.08,2.21,4.84
35.25,67.25,2.39,3.1,3.79,4.96,6.29,7.4,7.23,6.64,5.76,4.49,3.08,2.24,4.78
35.25,67.75,2.39,3.1,3.79,4.96,6.29,7.4,7.23,6.64,5.76,4.49,3.08,2.24,4.78
35.25,68.25,2.62,3.35,4.16,5.18,6.37,7.53,7.53,6.91,5.91,4.6,3.24,2.44,4.99
35.25,68.75,2.62,3.35,4.16,5.18,6.37,7.53,7.53,6.91,5.91,4.6,3.24,2.44,4.99
35.25,69.25,2.59,3.2,4.06,5.15,6.42,7.56,7.66,7.05,5.97,4.6,3.2,2.4,4.99
35.25,69.75,2.59,3.2,4.06,5.15,6.42,7.56,7.66,7.05,5.97,4.6,3.2,2.4,4.99
35.25,70.25,2.32,2.93,3.72,4.65,5.94,7.16,7.47,7.04,5.98,4.4,3.02,2.19,4.74
35.25,70.75,2.32,2.93,3.72,4.65,5.94,7.16,7.47,7.04,5.98,4.4,3.02,2.19,4.74
35.25,71.25,2.39,2.9,3.81,4.73,5.93,7.05,7.0,6.39,5.62,4.27,3.07,2.29,4.62
35.25,71.75,2.39,2.9,3.81,4.73,5.93,7.05,7.0,6.39,5.62,4.27,3.07,2.29,4.62
35.25,72.25,2.58,3.13,4.05,5.13,6.23,7.08,6.96,6.23,5.56,4.41,3.27,2.44,4.76
35.25,72.75,2.58,3.13,4.05,5.13,6.23,7.08,6.96,6.23,5.56,4.41,3.27,2.44,4.76
35.25,73.25,2.41,2.98,3.84,4.77,5.76,6.74,6.63,5.99,5.32,4.15,3.08,2.29,4.5
35.25,73.75,2.41,2.98,3.84,4.77,5.76,6.74,6.63,5.99,5.32,4.15,3.08,2.29,4.5
35.25,74.25,2.44,3.07,4.01,4.88,5.86,6.79,6.57,5.94,5.36,4.29,3.16,2.34,4.56
35.25,74.75,2.44,3.07,4.01,4.88,5.86,6.79,6.57,5.94,5.36,4.29,3.16,2.34,4.56
35.25,75.25,2.39,3.08,3.99,4.84,5.77,6.6,6.45,5.91,5.32,4.25,3.06,2.22,4.49
35.25,75.75,2.39,3.08,3.99,4.84,5.77,6.6,6.45,5.91,5.32,4.25,3.06,2.22,4.49
35.25,76.25,2.49,3.23,4.15,5.07,5.85,6.52,6.43,5.81,5.25,4.24,3.11,2.3,4.54
35.25,76.75,2.49,3.23,4.15,5.07,5.85,6.52,6.43,5.81,5.25,4.24,3.11,2.3,4.54
35.25,77.25,2.52,3.25,4.1,4.93,5.58,6.03,6.06,5.49,4.89,3.92,2.81,2.23,4.32
35.25,77.75,2.52,3.25,4.1,4.93,5.58,6.03,6.06,5.49,4.89,3.92,2.81,2.23,4.32
35.25,78.25,3.03,3.79,4.85,5.87,6.64,7.2,7.13,6.42,5.84,4.8,3.58,2.82,5.16
35.75,60.25,2.61,3.37,4.2,5.27,6.35,7.04,6.92,6.47,5.53,4.22,2.96,2.41,4.78
35.75,60.75,2.61,3.37,4.2,5.27,6.35,7.04,6.92,6.47,5.53,4.22,2.96,2.41,4.78
35.75,61.25,2.54,3.28,4.12,5.27,6.42,7.13,7.03,6.48,5.52,4.11,2.87,2.27,4.75
35.75,61.75,2.54,3.28,4.12,5.27,6.42,7.13,7.03,6.48,5.52,4.11,2.87,2.27,4.75
35.75,62.25,2.31,3.08,4.01,5.38,6.54,7.21,7.11,6.64,5.61,4.16,2.85,2.11,4.75
35.75,62.75,2.31,3.08,4.01,5.38,6.54,7.21,7.11,6.64,5.61,4.16,2.85,2.11,4.75
35.75,63.25,2.38,3.21,4.09,5.45,6.82,7.27,7.15,6.63,5.66,4.28,2.91,2.18,4.84
35.75,63.75,2.38,3.21,4.09,5.45,6.82,7.27,7.15,6.63,5.66,4.28,2.91,2.18,4.84
35.75,64.25,2.49,3.31,4.17,5.55,6.77,7.27,7.21,6.53,5.7,4.4,3.05,2.32,4.9
35.75,64.75,2.49,3.31,4.17,5.55,6.77,7.27,7.21,6.53,5.7,4.4,3.05,2.32,4.9
35.75,65.25,2.56,3.32,4.2,5.57,6.74,7.41,7.33,6.67,5.73,4.57,3.12,2.38,4.97
35.75,65.75,2.56,3.32,4.2,5.57,6.74,7.41,7.33,6.67,5.73,4.57,3.12,2.38,4.97
35.75,66.25,2.38,3.12,3.8,5.05,6.45,7.46,7.33,6.76,5.86,4.56,3.08,2.21,4.84
35.75,66.75,2.38,3.12,3.8,5.05,6.45,7.46,7.33,6.76,5.86,4.56,3.08,2.21,4.84
35.75,67.25,2.39,3.1,3.79,4.96,6.29,7.4,7.23,6.64,5.76,4.49,3.08,2.24,4.78
35.75,67.75,2.39,3.1,3.79,4.96,6.29,7.4,7.23,6.64,5.76,4.49,3.08,2.24,4.78
35.75,68.25,2.62,3.35,4.16,5.18,6.37,7.53,7.53,6.91,5.91,4.6,3.24,2.44,4.99
35.75,68.75,2.62,3.35,4.16,5.18,6.37,7.53,7.53,6.91,5.91,4.6,3.24,2.44,4.99
35.75,69.25,2.59,3.2,4.06,5.15,6.42,7.56,7.66,7.05,5.97,4.6,3.2,2.4,4.99
35.75,69.75,2.59,3.2,4.06,5.15,6.42,7.56,7.66,7.05,5.97,4.6,3.2,2.4,4.99
35.75,70.25,2.32,2.93,3.72,4.65,5.94,7.16,7.47,7.04,5.98,4.4,3.02,2.19,4.74
35.75,70.75,2.32,2.93,3.72,4.65,5.94,7.16,7.47,7.04,5.98,4.4,3.02,2.19,4.74
35.75,71.25,2.39,2.9,3.81,4.73,5.93,7.05,7.0,6.39,5.62,4.27,3.07,2.29,4.62
35.75,71.75,2.39,2.9,3.81,4.73,5.93,7.05,7.0,6.39,5.62,4.27,3.07,2.29,4.62
35.75,72.25,2.58,3.13,4.05,5.13,6.23,7.08,6.96,6.23,5.56,4.41,3.27,2.44,4.76
35.75,72.75,2.58,3.13,4.05,5.13,6.23,7.08,6.96,6.23,5.56,4.41,3.27,2.44,4.76
35.75,73.25,2.41,2.98,3.84,4.77,5.76,6.74,6.63,5.99,5.32,4.15,3.08,2.29,4.5
35.75,73.75,2.41,2.98,3.84,4.77,5.76,6.74,6.63,5.99,5.32,4.15,3.08,2.29,4.5
35.75,74.25,2.44,3.07,4.01,4.88,5.86,6.79,6.57,5.94,5.36,4.29,3.16,2.34,4.56
35.75,74.75,2.44,3.07,4.01,4.88,5.86,6.79,6.57,5.94,5.36,4.29,3.16,2.34,4.56
35.75,75.25,2.39,3.08,3.99,4.84,5.77,6.6,6.45,5.91,5.32,4.25,3.06,2.22,4.49
35.75,75.75,2.39,3.08,3.99,4.84,5.77,6.6,6.45,5.91,5.32,4.25,3.06,2.22,4.49
35.75,76.25,2.49,3.23,4.15,5.07,5.85,6.52,6.43,5.81,5.25,4.24,3.11,2.3,4.54
35.75,76.75,2.49,3.23,4.15,5.07,5.85,6.52,6.43,5.81,5.25,4.24,3.11,2.3,4.54
35.75,77.25,2.52,3.25,4.1,4.93,5.58,6.03,6.06,5.49,4.89,3.92,2.81,2.23,4.32
35.75,77.75,2.52,3.25,4.1,4.93,5.58,6.03,6.06,5.49,4.89,3.92,2.81,2.23,4.32
35.75,78.25,3.03,3.79,4.85,5.87,6.64,7.2,7.13,6.42,5.84,4.8,3.58,2.82,5.16
36.25,60.25,2.43,3.18,3.91,4.94,6.05,6.93,6.89,6.34,5.17,3.81,2.72,2.2,4.55
36.25,60.75,2.43,3.18,3.91,4.94,6.05,6.93,6.89,6.34,5.17,3.81,2.72,2.2,4.55
36.25,61.25,2.35,3.12,3.99,5.17,6.34,7.2,7.08,6.47,5.38,3.86,2.67,2.08,4.64
36.25,61.75,2.35,3.12,3.99,5.17,6.34,7.2,7.08,6.47,5.38,3.86,2.67,2.08,4.64
36.25,62.25,2.35,3.2,4.12,5.38,6.54,7.15,7.13,6.56,5.54,4.0,2.74,2.06,4.73
36.25,62.75,2.35,3.2,4.12,5.38,6.54,7.15,7.13,6.56,5.54,4.0,2.74,2.06,4.73
36.25,63.25,2.29,3.2,4.12,5.44,6.68,7.18,7.1,6.54,5.57,4.02,2.75,2.04,4.74
36.25,63.75,2.29,3.2,4.12,5.44,6.68,7.18,7.1,6.54,5.57,4.02,2.75,2.04,4.74
36.25,64.25,2.26,3.17,4.05,5.52,6.65,7.26,7.07,6.51,5.57,4.13,2.77,2.07,4.75
36.25,64.75,2.26,3.17,4.05,5.52,6.65,7.26,7.07,6.51,5.57,4.13,2.77,2.07,4.75
36.25,65.25,2.31,3.15,4.03,5.53,6.72,7.36,7.12,6.52,5.48,4.17,2.76,2.09,4.77
36.25,65.75,2.31,3.15,4.03,5.53,6.72,7.36,7.12,6.52,5.48,4.17,2.76,2.09,4.77
36.25,66.25,2.39,3.22,4.06,5.56,6.81,7.71,7.1,6.57,5.43,4.23,2.93,2.14,4.85
36.25,66.75,2.39,3.22,4.06,5.56,6.81,7.71,7.1,6.57,5.43,4.23,2.93,2.14,4.85
36.25,67.25,2.42,3.22,4.09,5.52,6.69,7.65,7.08,6.56,5.39,4.18,2.97,2.18,4.83
36.25,67.75,2.42,3.22,4.09,5.52,6.69,7.65,7.08,6.56,5.39,4.18,2.97,2.18,4.83
36.25,68.25,2.41,3.17,4.02,5.36,6.54,7.76,7.66,6.73,5.56,4.37,3.0,2.17,4.9
36.25,68.75,2.41,3.17,4.02,5.36,6.54,7.76,7.66,6.73,5.56,4.37,3.0,2.17,4.9
36.25,69.25,2.46,3.21,4.16,5.56,6.73,7.95,7.75,6.85,5.81,4.52,3.07,2.23,5.03
36.25,69.75,2.46,3.21,4.16,5.56,6.73,7.95,7.75,6.85,5.81,4.52,3.07,2.23,5.03
36.25,70.25,2.51,3.16,4.08,5.09,6.26,7.38,7.42,7.03,6.05,4.46,3.09,2.32,4.9
36.25,70.75,2.51,3.16,4.08,5.09,6.26,7.38,7.42,7.03,6.05,4.46,3.09,2.32,4.9
36.25,71.25,2.49,3.2,4.07,4.99,6.0,7.1,7.39,7.03,6.11,4.38,3.03,2.28,4.84
36.25,71.75,2.49,3.2,4.07,4.99,6.0,7.1,7.39,7.03,6.11,4.38,3.03,2.28,4.84
36.25,72.25,2.39,3.07,3.93,4.92,5.94,7.03,7.24,6.73,5.81,4.16,2.94,2.18,4.7
36.25,72.75,2.39,3.07,3.93,4.92,5.94,7.03,7.24,6.73,5.81,4.16,2.94,2.18,4.7
36.25,73.25,2.38,3.04,3.96,4.81,5.75,6.89,7.07,6.39,5.62,4.08,2.95,2.22,4.6
36.25,73.75,2.38,3.04,3.96,4.81,5.75,6.89,7.07,6.39,5.62,4.08,2.95,2.22,4.6
36.25,74.25,2.37,3.06,4.04,4.83,5.65,6.58,6.68,5.95,5.21,3.94,2.89,2.17,4.45
36.25,74.75,2.37,3.06,4.04,4.83,5.65,6.58,6.68,5.95,5.21,3.94,2.89,2.17,4.45
36.25,75.25,2.38,3.14,4.11,4.94,5.7,6.44,6.39,5.7,4.97,3.88,2.85,2.15,4.39
36.25,75.75,2.38,3.14,4.11,4.94,5.7,6.44,6.39,5.7,4.97,3.88,2.85,2.15,4.39
36.25,76.25,2.63,3.3,4.29,5.09,5.68,6.13,6.16,5.6,4.9,4.0,3.01,2.38,4.43
36.25,76.75,2.63,3.3,4.29,5.09,5.68,6.13,6.16,5.6,4.9,4.0,3.01,2.38,4.43
36.25,77.25,2.82,3.53,4.51,5.35,5.85,6.18,6.14,5.66,5.18,4.34,3.33,2.62,4.63
36.25,77.75,2.82,3.53,4.51,5.35,5.85,6.18,6.14,5.66,5.18,4.34,3.33,2.62,4.63
36.25,78.25,2.84,3.56,4.51,5.34,5.62,5.93,5.98,5.54,5.11,4.35,3.4,2.66,4.57
36.75,60.25,2.43,3.18,3.91,4.94,6.05,6.93,6.89,6.34,5.17,3.81,2.72,2.2,4.55
36.75,60.75,2.43,3.18,3.91,4.94,6.05,6.93,6.89,6.34,5.17,3.81,2.72,2.2,4.55
36.75,61.25,2.35,3.12,3.99,5.17,6.34,7.2,7.08,6.47,5.38,3.86,2.67,2.08,4.64
36.75,61.75,2.35,3.12,3.99,5.17,6.34,7.2,7.08,6.47,5.38,3.86,2.67,2.08,4.64
36.75,62.25,2.35,3.2,4.12,5.38,6.54,7.15,7.13,6.56,5.54,4.0,2.74,2.06,4.73
36.75,62.75,2.35,3.2,4.12,5.38,6.54,7.15,7.13,6.56,5.54,4.0,2.74,2.06,4.73
36.75,63.25,2.29,3.2,4.12,5.44,6.68,7.18,7.1,6.54,5.57,4.02,2.75,2.04,4.74
36.75,63.75,2.29,3.2,4.12,5.44,6.68,7.18,7.1,6.54,5.57,4.02,2.75,2.04,4.74
36.75,64.25,2.26,3.17,4.05,5.52,6.65,7.26,7.07,6.51,5.57,4.13,2.77,2.07,4.75
36.75,64.75,2.26,3.17,4.05,5.52,6.65,7.26,7.07,6.51,5.57,4.13,2.77,2.07,4.75
36.75,65.25,2.31,3.15,4.03,5.53,6.72,7.36,7.12,6.52,5.48,4.17,2.76,2.09,4.77
36.75,65.75,2.31,3.15,4.03,5.53,6.72,7.36,7.12,6.52,5.48,4.17,2.76,2.09,4.77
36.75,66.25,2.39,3.22,4.06,5.56,6.81,7.71,7.1,6.57,5.43,4.23,2.93,2.14,4.85
36.75,66.75,2.39,3.22,4.06,5.56,6.81,7.71,7.1,6.57,5.43,4.23,2.93,2.14,4.85
36.75,67.25,2.42,3.22,4.09,5.52,6.69,7.65,7.08,6.56,5.39,4.18,2.97,2.18,4.83
36.75,67.75,2.42,3.22,4.09,5.52,6.69,7.65,7.08,6.56,5.39,4.18,2.97,2.18,4.83
36.75,68.25,2.41,3.17,4.02,5.36,6.54,7.76,7.66,6.73,5.56,4.37,3.0,2.17,4.9
36.75,68.75,2.41,3.17,4.02,5.36,6.54,7.76,7.66,6.73,5.56,4.37,3.0,2.17,4.9
36.75,69.25,2.46,3.21,4.16,5.56,6.73,7.95,7.75,6.85,5.81,4.52,3.07,2.23,5.03
36.75,69.75,2.46,3.21,4.16,5.56,6.73,7.95,7.75,6.85,5.81,4.52,3.07,2.23,5.03
36.75,70.25,2.51,3.16,4.08,5.09,6.26,7.38,7.42,7.03,6.05,4.46,3.09,2.32,4.9
36.75,70.75,2.51,3.16,4.08,5.09,6.26,7.38,7.42,7.03,6.05,4.46,3.09,2.32,4.9
36.75,71.25,2.49,3.2,4.07,4.99,6.0,7.1,7.39,7.03,6.11,4.38,3.03,2.28,4.84
36.75,71.75,2.49,3.2,4.07,4.99,6.0,7.1,7.39,7.03,6.11,4.38,3.03,2.28,4.84
36.75,72.25,2.39,3.07,3.93,4.92,5.94,7.03,7.24,6.73,5.81,4.16,2.94,2.18,4.7
36.75,72.75,2.39,3.07,3.93,4.92,5.94,7.03,7.24,6.73,5.81,4.16,2.94,2.18,4.7
36.75,73.25,2.38,3.04,3.96,4.81,5.75,6.89,7.07,6.39,5.62,4.08,2.95,2.22,4.6
36.75,73.75,2.38,3.04,3.96,4.81,5.75,6.89,7.07,6.39,5.62,4.08,2.95,2.22,4.6
36.75,74.25,2.37,3.06,4.04,4.83,5.65,6.58,6.68,5.95,5.21,3.94,2.89,2.17,4.45
36.75,74.75,2.37,3.06,4.04,4.83,5.65,6.58,6.68,5.95,5.21,3.94,2.89,2.17,4.45
36.75,75.25,2.38,3.14,4.11,4.94,5.7,6.44,6.39,5.7,4.97,3.88,2.85,2.15,4.39
36.75,75.75,2.38,3.14,4.11,4.94,5.7,6.44,6.39,5.7,4.97,3.88,2.85,2.15,4.39
36.75,76.25,2.63,3.3,4.29,5.09,5.68,6.13,6.16,5.6,4.9,4.0,3.01,2.38,4.43
36.75,76.75,2.63,3.3,4.29,5.09,5.68,6.13,6.16,5.6,4.9,4.0,3.01,2.38,4.43
36.75,77.25,2.82,3.53,4.51,5.35,5.85,6.18,6.14,5.66,5.18,4.34,3.33,2.62,4.63
36.75,77.75,2.82,3.53,4.51,5.35,5.85,6.18,6.14,5.66,5.18,4.34,3.33,2.62,4.63
36.75,78.25,2.84,3.56,4.51,5.34,5.62,5.93,5.98,5.54,5.11,4.35,3.4,2.66,4.57
37.25,60.25,2.28,3.13,3.92,5.0,6.08,6.94,6.86,6.28,5.1,3.65,2.61,2.03,4.49
37.25,60.75,2.28,3.13,3.92,5.0,6.08,6.94,6.86,6.28,5.1,3.65,2.61,2.03,4.49
37.25,61.25,2.3,3.25,4.1,5.22,6.33,7.0,6.93,6.27,5.21,3.75,2.66,2.02,4.59
37.25,61.75,2.3,3.25,4.1,5.22,6.33,7.0,6.93,6.27,5.21,3.75,2.66,2.02,4.59
37.25,62.25,2.32,3.28,4.18,5.33,6.4,7.04,6.76,6.22,5.29,3.81,2.65,2.03,4.61
37.25,62.75,2.32,3.28,4.18,5.33,6.4,7.04,6.76,6.22,5.29,3.81,2.65,2.03,4.61
37.25,63.25,2.28,3.29,4.22,5.44,6.48,7.08,6.97,6.43,5.45,3.87,2.58,1.98,4.67
37.25,63.75,2.28,3.29,4.22,5.44,6.48,7.08,6.97,6.43,5.45,3.87,2.58,1.98,4.67
37.25,64.25,2.28,3.27,4.23,5.47,6.6,7.17,7.0,6.46,5.45,3.88,2.57,2.0,4.7
37.25,64.75,2.28,3.27,4.23,5.47,6.6,7.17,7.0,6.46,5.45,3.88,2.57,2.0,4.7
37.25,65.25,2.31,3.26,4.18,5.45,6.52,7.24,6.97,6.28,5.25,3.88,2.56,2.03,4.66
37.25,65.75,2.31,3.26,4.18,5.45,6.52,7.24,6.97,6.28,5.25,3.88,2.56,2.03,4.66
37.25,66.25,2.34,3.26,4.19,5.7,6.9,7.51,7.23,6.35,5.3,4.06,2.8,2.08,4.81
37.25,66.75,2.34,3.26,4.19,5.7,6.9,7.51,7.23,6.35,5.3,4.06,2.8,2.08,4.81
37.25,67.25,2.34,3.21,4.15,5.64,6.89,7.6,7.35,6.45,5.43,4.11,2.84,2.1,4.84
37.25,67.75,2.34,3.21,4.15,5.64,6.89,7.6,7.35,6.45,5.43,4.11,2.84,2.1,4.84
37.25,68.25,2.36,3.16,4.12,5.63,6.84,7.91,7.7,6.78,5.67,4.3,2.89,2.07,4.95
37.25,68.75,2.36,3.16,4.12,5.63,6.84,7.91,7.7,6.78,5.67,4.3,2.89,2.07,4.95
37.25,69.25,2.34,3.13,4.12,5.62,6.83,7.9,7.73,6.86,5.76,4.33,2.88,2.06,4.96
37.25,69.75,2.34,3.13,4.12,5.62,6.83,7.9,7.73,6.86,5.76,4.33,2.88,2.06,4.96
37.25,70.25,2.41,3.13,4.14,5.58,6.87,8.07,8.0,7.26,6.17,4.53,3.03,2.22,5.12
37.25,70.75,2.41,3.13,4.14,5.58,6.87,8.07,8.0,7.26,6.17,4.53,3.03,2.22,5.12
37.25,71.25,2.02,2.66,3.63,4.67,5.86,7.09,7.47,7.21,6.26,4.31,2.73,1.83,4.65
37.25,71.75,2.02,2.66,3.63,4.67,5.86,7.09,7.47,7.21,6.26,4.31,2.73,1.83,4.65
37.25,72.25,2.38,3.14,4.08,4.97,5.9,6.95,7.38,7.01,6.14,4.26,2.89,2.12,4.77
37.25,72.75,2.38,3.14,4.08,4.97,5.9,6.95,7.38,7.01,6.14,4.26,2.89,2.12,4.77
37.25,73.25,2.58,3.38,4.32,5.12,6.07,7.15,7.53,6.89,6.05,4.27,3.02,2.31,4.89
37.25,73.75,2.58,3.38,4.32,5.12,6.07,7.15,7.53,6.89,6.05,4.27,3.02,2.31,4.89
37.25,74.25,2.76,3.58,4.5,5.43,6.25,7.08,7.26,6.46,5.72,4.14,3.05,2.42,4.89
37.25,74.75,2.76,3.58,4.5,5.43,6.25,7.08,7.26,6.46,5.72,4.14,3.05,2.42,4.89
37.25,75.25,2.69,3.45,4.4,5.33,6.11,6.71,6.83,6.07,5.4,4.14,3.13,2.46,4.73
37.25,75.75,2.69,3.45,4.4,5.33,6.11,6.71,6.83,6.07,5.4,4.14,3.13,2.46,4.73
37.25,76.25,2.89,3.65,4.58,5.5,5.99,6.34,6.26,5.65,5.17,4.27,3.33,2.65,4.69
37.25,76.75,2.89,3.65,4.58,5.5,5.99,6.34,6.26,5.65,5.17,4.27,3.33,2.65,4.69
37.25,77.25,2.88,3.65,4.63,5.59,6.06,6.45,6.17,5.52,5.15,4.42,3.36,2.6,4.71
37.25,77.75,2.88,3.65,4.63,5.59,6.06,6.45,6.17,5.52,5.15,4.42,3.36,2.6,4.71
37.25,78.25,2.8,3.6,4.64,5.65,6.3,6.69,6.25,5.59,5.24,4.49,3.33,2.54,4.76
